label,timestamp1,timestamp2,x_out_fir_rescale,y_out_fir_rescale,z_out_fir_rescale
Bicepcurl,,,-0.007880210876464844,0.0020248889923095703,-0.017751038074493408
Bicepcurl,,,-0.033327579498291016,0.008610248565673828,-0.07490414381027222
Bicepcurl,,,-0.09887516498565674,0.02562713623046875,-0.22172296047210693
Bicepcurl,,,-0.19767475128173828,0.051453471183776855,-0.4419199228286743
Bicepcurl,,,-0.2981894016265869,0.0778951644897461,-0.6642841696739197
Bicepcurl,,,-0.3673989176750183,0.09605836868286133,-0.8172317743301392
Bicepcurl,,,-0.39507395029067993,0.10286295413970947,-0.8832530975341797
Bicepcurl,,,-0.40093564987182617,0.10349702835083008,-0.9109408855438232
Bicepcurl,,,-0.3954688310623169,0.10149586200714111,-0.9200132489204407
Bicepcurl,,,-0.39100486040115356,0.10068035125732422,-0.9256471991539001
Bicepcurl,,,-0.39071565866470337,0.10162734985351562,-0.9259331822395325
Bicepcurl,,,-0.3930997848510742,0.10342133045196533,-0.9213830232620239
Bicepcurl,,,-0.395183801651001,0.10523748397827148,-0.914779782295227
Bicepcurl,,,-0.3969610929489136,0.10711836814880371,-0.9089834094047546
Bicepcurl,,,-0.400581419467926,0.10928750038146973,-0.9052924513816833
Bicepcurl,,,-0.405911922454834,0.1111290454864502,-0.9042587280273438
Bicepcurl,,,-0.41022276878356934,0.11189520359039307,-0.9060864448547363
Bicepcurl,,,-0.41181761026382446,0.11165118217468262,-0.9103334546089172
Bicepcurl,,,-0.4110220670700073,0.11091375350952148,-0.9162726998329163
Bicepcurl,,,-0.408610999584198,0.10992026329040527,-0.9233031272888184
Bicepcurl,,,-0.40471935272216797,0.10841071605682373,-0.9314988851547241
Bicepcurl,,,-0.40008336305618286,0.10649979114532471,-0.9415490031242371
Bicepcurl,,,-0.39755797386169434,0.10501682758331299,-0.9536977410316467
Bicepcurl,,,-0.4006635546684265,0.10485386848449707,-0.9665938019752502
Bicepcurl,,,-0.4106941819190979,0.10654973983764648,-0.9782846570014954
Bicepcurl,,,-0.4257984161376953,0.110007643699646,-0.9882231950759888
Bicepcurl,,,-0.44232380390167236,0.11456859111785889,-0.9990509748458862
Bicepcurl,,,-0.4577835202217102,0.11918151378631592,-1.0157328844070435
Bicepcurl,,,-0.47219163179397583,0.12365853786468506,-1.0401127338409424
Bicepcurl,,,-0.4853917956352234,0.12904202938079834,-1.0681313276290894
Bicepcurl,,,-0.4954557418823242,0.13675260543823242,-1.0923995971679688
Bicepcurl,,,-0.5008504390716553,0.14782965183258057,-1.1083126068115234
Bicepcurl,,,-0.503027081489563,0.1617426872253418,-1.1175941228866577
Bicepcurl,,,-0.5050848126411438,0.17699122428894043,-1.1249008178710938
Bicepcurl,,,-0.5077193379402161,0.192061185836792,-1.1334370374679565
Bicepcurl,,,-0.5089020729064941,0.20658934116363525,-1.1431243419647217
Bicepcurl,,,-0.5068534016609192,0.221319317817688,-1.1508897542953491
Bicepcurl,,,-0.502252459526062,0.23697662353515625,-1.1531105041503906
Bicepcurl,,,-0.49826937913894653,0.2536306381225586,-1.1476491689682007
Bicepcurl,,,-0.4976521134376526,0.27025651931762695,-1.134827971458435
Bicepcurl,,,-0.5004832744598389,0.2854149341583252,-1.1183240413665771
Bicepcurl,,,-0.5053527355194092,0.2980421781539917,-1.1024826765060425
Bicepcurl,,,-0.5106236934661865,0.30810582637786865,-1.0886924266815186
Bicepcurl,,,-0.5153049826622009,0.31643199920654297,-1.0747300386428833
Bicepcurl,,,-0.5191339254379272,0.3242788314819336,-1.0564364194869995
Bicepcurl,,,-0.522149384021759,0.3324233293533325,-1.0329192876815796
Bicepcurl,,,-0.5243139266967773,0.3404693603515625,-1.009777307510376
Bicepcurl,,,-0.5245418548583984,0.3474235534667969,-0.9951168298721313
Bicepcurl,,,-0.5214360952377319,0.3534986972808838,-0.9931511878967285
Bicepcurl,,,-0.5149694681167603,0.3601747751235962,-0.9971873760223389
Bicepcurl,,,-0.5073990821838379,0.3689533472061157,-0.9930770993232727
Bicepcurl,,,-0.5019497871398926,0.38135266304016113,-0.9702944755554199
Bicepcurl,,,-0.5002014636993408,0.3976314067840576,-0.9275333881378174
Bicepcurl,,,-0.5017070770263672,0.41706788539886475,-0.8744235038757324
Bicepcurl,,,-0.5052752494812012,0.43761181831359863,-0.8245299458503723
Bicepcurl,,,-0.5091062188148499,0.45627009868621826,-0.7877370119094849
Bicepcurl,,,-0.5099343061447144,0.471530556678772,-0.764936625957489
Bicepcurl,,,-0.5044050216674805,0.4839153289794922,-0.7489548921585083
Bicepcurl,,,-0.4908987283706665,0.4955679178237915,-0.7331414222717285
Bicepcurl,,,-0.4695051312446594,0.5078645944595337,-0.7148871421813965
Bicepcurl,,,-0.44194233417510986,0.5205256938934326,-0.694259762763977
Bicepcurl,,,-0.4116593599319458,0.5328645706176758,-0.6714784502983093
Bicepcurl,,,-0.3842114806175232,0.5439938306808472,-0.6471945643424988
Bicepcurl,,,-0.36488157510757446,0.5523133277893066,-0.6235917806625366
Bicepcurl,,,-0.35474228858947754,0.559175968170166,-0.6027458310127258
Bicepcurl,,,-0.3501736521720886,0.5679066181182861,-0.5842615365982056
Bicepcurl,,,-0.3467212915420532,0.5798932313919067,-0.5654199123382568
Bicepcurl,,,-0.3439757227897644,0.5947188138961792,-0.544313907623291
Bicepcurl,,,-0.3445948362350464,0.6093809604644775,-0.5223691463470459
Bicepcurl,,,-0.3482183814048767,0.6216311454772949,-0.501415491104126
Bicepcurl,,,-0.35078346729278564,0.6300411224365234,-0.4814693331718445
Bicepcurl,,,-0.34994423389434814,0.6359620094299316,-0.4632399082183838
Bicepcurl,,,-0.3473140597343445,0.6432195901870728,-0.45034557580947876
Bicepcurl,,,-0.34466344118118286,0.6532472372055054,-0.44536006450653076
Bicepcurl,,,-0.34148603677749634,0.66587233543396,-0.4434117078781128
Bicepcurl,,,-0.3387269973754883,0.6804498434066772,-0.4345458745956421
Bicepcurl,,,-0.34005624055862427,0.6968250274658203,-0.41301947832107544
Bicepcurl,,,-0.34769344329833984,0.7143372297286987,-0.38248318433761597
Bicepcurl,,,-0.35919928550720215,0.7316907644271851,-0.35132652521133423
Bicepcurl,,,-0.37083619832992554,0.748282790184021,-0.32593709230422974
Bicepcurl,,,-0.38070446252822876,0.7647874355316162,-0.3078208565711975
Bicepcurl,,,-0.386635959148407,0.7817151546478271,-0.2953065037727356
Bicepcurl,,,-0.3855048418045044,0.7978286743164062,-0.2860787510871887
Bicepcurl,,,-0.37544453144073486,0.811833381652832,-0.27903497219085693
Bicepcurl,,,-0.35869503021240234,0.8244444131851196,-0.2742217779159546
Bicepcurl,,,-0.33767008781433105,0.8376401662826538,-0.2702447175979614
Bicepcurl,,,-0.3116791844367981,0.8514398336410522,-0.26331770420074463
Bicepcurl,,,-0.28052085638046265,0.862856388092041,-0.2492043375968933
Bicepcurl,,,-0.250135600566864,0.8686424493789673,-0.2252466082572937
Bicepcurl,,,-0.23206984996795654,0.8688448667526245,-0.1900995969772339
Bicepcurl,,,-0.23284411430358887,0.8663638830184937,-0.14549505710601807
Bicepcurl,,,-0.24817180633544922,0.8631364107131958,-0.09735286235809326
Bicepcurl,,,-0.2645772099494934,0.8584283590316772,-0.054958879947662354
Bicepcurl,,,-0.26694822311401367,0.8503743410110474,-0.025230824947357178
Bicepcurl,,,-0.24301940202713013,0.837985634803772,-0.010237336158752441
Bicepcurl,,,-0.18806129693984985,0.8211253881454468,-0.007931232452392578
Bicepcurl,,,-0.1126590371131897,0.8015086650848389,-0.009685993194580078
Bicepcurl,,,-0.03715717792510986,0.7826657295227051,-0.00498586893081665
Bicepcurl,,,0.020116806030273438,0.7676346302032471,0.01361393928527832
Bicepcurl,,,0.04774463176727295,0.7574466466903687,0.04641878604888916
Bicepcurl,,,0.039109110832214355,0.7524125576019287,0.08880400657653809
Bicepcurl,,,-0.006033062934875488,0.7532590627670288,0.1357501745223999
Bicepcurl,,,-0.07552725076675415,0.7596849203109741,0.18122220039367676
Bicepcurl,,,-0.14794385433197021,0.7699204683303833,0.22088706493377686
Bicepcurl,,,-0.20517116785049438,0.7808569669723511,0.25428295135498047
Bicepcurl,,,-0.23785382509231567,0.7900395393371582,0.28323185443878174
Bicepcurl,,,-0.2426806092262268,0.7962815761566162,0.3087395429611206
Bicepcurl,,,-0.22152972221374512,0.7987608909606934,0.3289768695831299
Bicepcurl,,,-0.18063730001449585,0.7978365421295166,0.3402458429336548
Bicepcurl,,,-0.13039368391036987,0.7944419384002686,0.3395432233810425
Bicepcurl,,,-0.08357781171798706,0.7902977466583252,0.32639312744140625
Bicepcurl,,,-0.05151289701461792,0.7871606349945068,0.3043016195297241
Bicepcurl,,,-0.04193037748336792,0.7861919403076172,0.27902770042419434
Bicepcurl,,,-0.056047260761260986,0.789340615272522,0.25494956970214844
Bicepcurl,,,-0.08917641639709473,0.798363208770752,0.23361599445343018
Bicepcurl,,,-0.13427722454071045,0.8136506080627441,0.21353399753570557
Bicepcurl,,,-0.18344265222549438,0.8339278697967529,0.19139230251312256
Bicepcurl,,,-0.22828596830368042,0.8566873073577881,0.1646488904953003
Bicepcurl,,,-0.26143985986709595,0.8787568807601929,0.13394975662231445
Bicepcurl,,,-0.278001070022583,0.8963075876235962,0.10302543640136719
Bicepcurl,,,-0.27613312005996704,0.9054203033447266,0.07467079162597656
Bicepcurl,,,-0.2588730454444885,0.9037594795227051,0.04807925224304199
Bicepcurl,,,-0.23472779989242554,0.8928372859954834,0.01970493793487549
Bicepcurl,,,-0.21814590692520142,0.8764032125473022,-0.013901770114898682
Bicepcurl,,,-0.2226722240447998,0.860119104385376,-0.05200612545013428
Bicepcurl,,,-0.24925309419631958,0.8482762575149536,-0.08994364738464355
Bicepcurl,,,-0.28402960300445557,0.8417923450469971,-0.12010937929153442
Bicepcurl,,,-0.30857688188552856,0.8421611785888672,-0.13294905424118042
Bicepcurl,,,-0.313213050365448,0.8472955226898193,-0.12365573644638062
Bicepcurl,,,-0.30109894275665283,0.8493382930755615,-0.09934824705123901
Bicepcurl,,,-0.28444409370422363,0.839545488357544,-0.07986146211624146
Bicepcurl,,,-0.27704280614852905,0.819257378578186,-0.0843084454536438
Bicepcurl,,,-0.2831474542617798,0.8006031513214111,-0.11579722166061401
Bicepcurl,,,-0.29191792011260986,0.7909302711486816,-0.1607162356376648
Bicepcurl,,,-0.2880944609642029,0.7870708703994751,-0.1990794539451599
Bicepcurl,,,-0.26713281869888306,0.7818621397018433,-0.21992915868759155
Bicepcurl,,,-0.238183856010437,0.7724703550338745,-0.22601193189620972
Bicepcurl,,,-0.21673673391342163,0.7603440284729004,-0.22684139013290405
Bicepcurl,,,-0.2127118706703186,0.746794581413269,-0.23126190900802612
Bicepcurl,,,-0.22437328100204468,0.7329739332199097,-0.24369120597839355
Bicepcurl,,,-0.24465519189834595,0.7205239534378052,-0.26565319299697876
Bicepcurl,,,-0.2688118815422058,0.7100530862808228,-0.29586541652679443
Bicepcurl,,,-0.29698705673217773,0.6983003616333008,-0.3330562710762024
Bicepcurl,,,-0.3273312449455261,0.682669997215271,-0.376878023147583
Bicepcurl,,,-0.354533314704895,0.6657595634460449,-0.4231724143028259
Bicepcurl,,,-0.3742326498031616,0.6524311304092407,-0.4621213674545288
Bicepcurl,,,-0.3833928108215332,0.6439096927642822,-0.4845450520515442
Bicepcurl,,,-0.3841116428375244,0.6368601322174072,-0.49319636821746826
Bicepcurl,,,-0.38257479667663574,0.6292030811309814,-0.5013853311538696
Bicepcurl,,,-0.38458895683288574,0.6213961839675903,-0.5197169780731201
Bicepcurl,,,-0.39268964529037476,0.6138020753860474,-0.5473148822784424
Bicepcurl,,,-0.4056999087333679,0.6050441265106201,-0.5756707191467285
Bicepcurl,,,-0.4211205840110779,0.5935168266296387,-0.598846435546875
Bicepcurl,,,-0.4354768991470337,0.5801821947097778,-0.617779016494751
Bicepcurl,,,-0.4451402425765991,0.5675982236862183,-0.6378077268600464
Bicepcurl,,,-0.4496440887451172,0.557275652885437,-0.6648120880126953
Bicepcurl,,,-0.4537588953971863,0.5492652654647827,-0.7005597949028015
Bicepcurl,,,-0.4647033214569092,0.5432144403457642,-0.7375388741493225
Bicepcurl,,,-0.4860202670097351,0.5385191440582275,-0.7609797120094299
Bicepcurl,,,-0.5124678015708923,0.5336785316467285,-0.7602458000183105
Bicepcurl,,,-0.532001256942749,0.5270382165908813,-0.7385989427566528
Bicepcurl,,,-0.5357365012168884,0.5174484252929688,-0.7125672101974487
Bicepcurl,,,-0.5253158807754517,0.5055902004241943,-0.7036936283111572
Bicepcurl,,,-0.5100966691970825,0.4920765161514282,-0.7278441786766052
Bicepcurl,,,-0.49736469984054565,0.47845232486724854,-0.7861334085464478
Bicepcurl,,,-0.49022334814071655,0.4644821882247925,-0.8635932207107544
Bicepcurl,,,-0.49075865745544434,0.4461592435836792,-0.93478924036026
Bicepcurl,,,-0.4989458918571472,0.42424774169921875,-0.9746661186218262
Bicepcurl,,,-0.511795163154602,0.40560925006866455,-0.9687557220458984
Bicepcurl,,,-0.5249677896499634,0.39749157428741455,-0.9192090630531311
Bicepcurl,,,-0.5380870699882507,0.39629292488098145,-0.8465837836265564
Bicepcurl,,,-0.553537130355835,0.39004409313201904,-0.7818322777748108
Bicepcurl,,,-0.5705894231796265,0.37164926528930664,-0.7559077143669128
Bicepcurl,,,-0.5827004909515381,0.3422126770019531,-0.7858996987342834
Bicepcurl,,,-0.5788044929504395,0.31353986263275146,-0.8623498678207397
Bicepcurl,,,-0.554511547088623,0.29635655879974365,-0.9526724815368652
Bicepcurl,,,-0.5175834894180298,0.2892484664916992,-1.0173627138137817
Bicepcurl,,,-0.48311668634414673,0.2860686779022217,-1.0319292545318604
Bicepcurl,,,-0.4666252136230469,0.28258705139160156,-0.9975958466529846
Bicepcurl,,,-0.476568341255188,0.2793138027191162,-0.9347885847091675
Bicepcurl,,,-0.5108453035354614,0.273006796836853,-0.8705198764801025
Bicepcurl,,,-0.558242678642273,0.2587999105453491,-0.82723468542099
Bicepcurl,,,-0.6052479147911072,0.23813629150390625,-0.8161852359771729
Bicepcurl,,,-0.6394307613372803,0.2150263786315918,-0.8352724313735962
Bicepcurl,,,-0.649950385093689,0.19479918479919434,-0.874549150466919
Bicepcurl,,,-0.6312717795372009,0.1814025640487671,-0.9218592047691345
Bicepcurl,,,-0.5870981812477112,0.17522966861724854,-0.9626930952072144
Bicepcurl,,,-0.5326577425003052,0.17386841773986816,-0.981675386428833
Bicepcurl,,,-0.4899783730506897,0.17392408847808838,-0.9704715013504028
Bicepcurl,,,-0.4764673709869385,0.17162609100341797,-0.9339114427566528
Bicepcurl,,,-0.4945979714393616,0.163468599319458,-0.8856377005577087
Bicepcurl,,,-0.5309664011001587,0.1494385004043579,-0.8420423269271851
Bicepcurl,,,-0.5669721961021423,0.13467133045196533,-0.8170027732849121
Bicepcurl,,,-0.5872178077697754,0.12407422065734863,-0.8187216520309448
Bicepcurl,,,-0.582434356212616,0.11686015129089355,-0.8465396761894226
Bicepcurl,,,-0.5542597770690918,0.10897254943847656,-0.8882083892822266
Bicepcurl,,,-0.5161979794502258,0.09826934337615967,-0.9249950051307678
Bicepcurl,,,-0.48761022090911865,0.08623051643371582,-0.9423162937164307
Bicepcurl,,,-0.48295390605926514,0.07541418075561523,-0.9391197562217712
Bicepcurl,,,-0.5044785737991333,0.06599175930023193,-0.9255572557449341
Bicepcurl,,,-0.5448809862136841,0.0550767183303833,-0.9143630266189575
Bicepcurl,,,-0.5921014547348022,0.03967547416687012,-0.9151330590248108
Bicepcurl,,,-0.6332584619522095,0.0206528902053833,-0.9303829073905945
Bicepcurl,,,-0.6582770943641663,0.003596782684326172,-0.9536014199256897
Bicepcurl,,,-0.6626975536346436,-0.004921138286590576,-0.9720035791397095
Bicepcurl,,,-0.6493699550628662,-0.0026848316192626953,-0.9758915901184082
Bicepcurl,,,-0.6254751682281494,0.005644679069519043,-0.9672467708587646
Bicepcurl,,,-0.598070502281189,0.011239886283874512,-0.9589080214500427
Bicepcurl,,,-0.5729598999023438,0.008264660835266113,-0.9650694727897644
Bicepcurl,,,-0.5543239116668701,-0.0019576549530029297,-0.9890835285186768
Bicepcurl,,,-0.543928325176239,-0.013514816761016846,-1.0200332403182983
Bicepcurl,,,-0.5412861704826355,-0.020975947380065918,-1.0415061712265015
Bicepcurl,,,-0.5442396402359009,-0.022864043712615967,-1.044213891029358
Bicepcurl,,,-0.5511329174041748,-0.021051108837127686,-1.030691385269165
Bicepcurl,,,-0.5610867738723755,-0.018073081970214844,-1.0095313787460327
Bicepcurl,,,-0.5720775127410889,-0.015343129634857178,-0.9885387420654297
Bicepcurl,,,-0.5805642604827881,-0.013019382953643799,-0.9727805852890015
Bicepcurl,,,-0.582473874092102,-0.011152684688568115,-0.9648798704147339
Bicepcurl,,,-0.5761814117431641,-0.009734034538269043,-0.964341938495636
Bicepcurl,,,-0.5638871788978577,-0.00828331708908081,-0.9674739241600037
Bicepcurl,,,-0.549748420715332,-0.00648188591003418,-0.9691274762153625
Bicepcurl,,,-0.5381461381912231,-0.004682004451751709,-0.9664751291275024
Bicepcurl,,,-0.5315909385681152,-0.003886997699737549,-0.9609906077384949
Bicepcurl,,,-0.5290129780769348,-0.004941284656524658,-0.9559836983680725
Bicepcurl,,,-0.5272865295410156,-0.0075702667236328125,-0.9533028602600098
Bicepcurl,,,-0.5240472555160522,-0.010712862014770508,-0.9524555802345276
Bicepcurl,,,-0.519550085067749,-0.013455331325531006,-0.9520459175109863
Bicepcurl,,,-0.5162723064422607,-0.015415847301483154,-0.9511677026748657
Bicepcurl,,,-0.5163601636886597,-0.016654253005981445,-0.9493333697319031
Bicepcurl,,,-0.5204195976257324,-0.01726531982421875,-0.9468856453895569
Bicepcurl,,,-0.5272924900054932,-0.017355680465698242,-0.9447807669639587
Bicepcurl,,,-0.5350043177604675,-0.016922414302825928,-0.9433912038803101
Bicepcurl,,,-0.5413445234298706,-0.015981316566467285,-0.9431467056274414
Bicepcurl,,,-0.5438401699066162,-0.015161871910095215,-0.9450749158859253
Bicepcurl,,,-0.541892409324646,-0.015080869197845459,-0.9501617550849915
Bicepcurl,,,-0.5383163690567017,-0.015574216842651367,-0.9586015343666077
Bicepcurl,,,-0.5376086831092834,-0.01596677303314209,-0.9698278307914734
Bicepcurl,,,-0.542229175567627,-0.015719711780548096,-0.9829539060592651
Bicepcurl,,,-0.5510902404785156,-0.014546811580657959,-0.9958959817886353
Bicepcurl,,,-0.5603500604629517,-0.011993169784545898,-1.0052779912948608
Bicepcurl,,,-0.566778302192688,-0.0073320865631103516,-1.0093389749526978
Bicepcurl,,,-0.5698107481002808,-0.0004006028175354004,-1.0096025466918945
Bicepcurl,,,-0.5710306167602539,0.007954001426696777,-1.009584665298462
Bicepcurl,,,-0.5727558135986328,0.016569972038269043,-1.0127930641174316
Bicepcurl,,,-0.5754917860031128,0.02459549903869629,-1.0215305089950562
Bicepcurl,,,-0.5792728662490845,0.032135725021362305,-1.0353202819824219
Bicepcurl,,,-0.5846440196037292,0.04050779342651367,-1.0484387874603271
Bicepcurl,,,-0.5923322439193726,0.05181849002838135,-1.0517605543136597
Bicepcurl,,,-0.6029799580574036,0.06747114658355713,-1.0412545204162598
Bicepcurl,,,-0.6141625046730042,0.08594262599945068,-1.0233843326568604
Bicepcurl,,,-0.6210571527481079,0.10352742671966553,-1.0107399225234985
Bicepcurl,,,-0.6192681193351746,0.11767208576202393,-1.0125547647476196
Bicepcurl,,,-0.6070505380630493,0.12861180305480957,-1.0276076793670654
Bicepcurl,,,-0.588081955909729,0.1389012336730957,-1.0459518432617188
Bicepcurl,,,-0.5690852999687195,0.15116643905639648,-1.054754614830017
Bicepcurl,,,-0.5557531118392944,0.16608715057373047,-1.0461384057998657
Bicepcurl,,,-0.5497264862060547,0.18239951133728027,-1.0216822624206543
Bicepcurl,,,-0.5485090017318726,0.1977832317352295,-0.9912668466567993
Bicepcurl,,,-0.5484166741371155,0.21007132530212402,-0.9675271511077881
Bicepcurl,,,-0.5463192462921143,0.21779382228851318,-0.9575662612915039
Bicepcurl,,,-0.5416284799575806,0.2205801010131836,-0.9601744413375854
Bicepcurl,,,-0.5355725288391113,0.2199612855911255,-0.9671924114227295
Bicepcurl,,,-0.5288350582122803,0.2195490598678589,-0.9685404896736145
Bicepcurl,,,-0.5223356485366821,0.22320926189422607,-0.9591760635375977
Bicepcurl,,,-0.5176913738250732,0.23295867443084717,-0.94134122133255
Bicepcurl,,,-0.5162826776504517,0.24708449840545654,-0.9205094575881958
Bicepcurl,,,-0.5184705257415771,0.26166319847106934,-0.9008017778396606
Bicepcurl,,,-0.523459792137146,0.2738891839981079,-0.8845468163490295
Bicepcurl,,,-0.5298229455947876,0.2831982374191284,-0.8751474618911743
Bicepcurl,,,-0.5334329605102539,0.2921273708343506,-0.8735461235046387
Bicepcurl,,,-0.5295855402946472,0.30281519889831543,-0.876097559928894
Bicepcurl,,,-0.5173404216766357,0.3150292634963989,-0.8786669373512268
Bicepcurl,,,-0.4988411068916321,0.3276660442352295,-0.8777449727058411
Bicepcurl,,,-0.4787740111351013,0.3407210111618042,-0.8713259100914001
Bicepcurl,,,-0.4630342125892639,0.3563382625579834,-0.858639657497406
Bicepcurl,,,-0.4557122588157654,0.37517666816711426,-0.8424445390701294
Bicepcurl,,,-0.4564201235771179,0.3957676887512207,-0.8277979493141174
Bicepcurl,,,-0.46078622341156006,0.41542136669158936,-0.8157963156700134
Bicepcurl,,,-0.46435093879699707,0.4314228296279907,-0.8017139434814453
Bicepcurl,,,-0.4658285975456238,0.44356679916381836,-0.7787621021270752
Bicepcurl,,,-0.465618371963501,0.4545782804489136,-0.7446000576019287
Bicepcurl,,,-0.46377992630004883,0.46797287464141846,-0.7073094844818115
Bicepcurl,,,-0.459672212600708,0.4837946891784668,-0.6828439235687256
Bicepcurl,,,-0.45084482431411743,0.49842607975006104,-0.6817668676376343
Bicepcurl,,,-0.4351927638053894,0.508574366569519,-0.6975659132003784
Bicepcurl,,,-0.4131764769554138,0.5154041051864624,-0.7088519334793091
Bicepcurl,,,-0.3882272243499756,0.5226643085479736,-0.695644736289978
Bicepcurl,,,-0.36597728729248047,0.5337884426116943,-0.6532264351844788
Bicepcurl,,,-0.3519362211227417,0.5508476495742798,-0.5941669940948486
Bicepcurl,,,-0.3505575656890869,0.5717217922210693,-0.537856936454773
Bicepcurl,,,-0.36189818382263184,0.590088963508606,-0.49659568071365356
Bicepcurl,,,-0.3793988823890686,0.5994173288345337,-0.47057628631591797
Bicepcurl,,,-0.39478665590286255,0.6008821725845337,-0.45385056734085083
Bicepcurl,,,-0.4016488790512085,0.6019893884658813,-0.44394004344940186
Bicepcurl,,,-0.3963852524757385,0.6078799962997437,-0.44148093461990356
Bicepcurl,,,-0.3791845440864563,0.6188008785247803,-0.4439396858215332
Bicepcurl,,,-0.3571472764015198,0.6326428651809692,-0.44646596908569336
Bicepcurl,,,-0.34300559759140015,0.6482957601547241,-0.44691938161849976
Bicepcurl,,,-0.34459757804870605,0.6644073724746704,-0.44656383991241455
Bicepcurl,,,-0.35965633392333984,0.6788074970245361,-0.44350290298461914
Bicepcurl,,,-0.38128161430358887,0.6908228397369385,-0.4329201579093933
Bicepcurl,,,-0.40283602476119995,0.702014684677124,-0.4149910807609558
Bicepcurl,,,-0.4180469512939453,0.713994026184082,-0.39653706550598145
Bicepcurl,,,-0.4206419587135315,0.7265950441360474,-0.3831775188446045
Bicepcurl,,,-0.4077411890029907,0.7389355897903442,-0.3740156888961792
Bicepcurl,,,-0.38298147916793823,0.7510367631912231,-0.3638297915458679
Bicepcurl,,,-0.352197527885437,0.7630831003189087,-0.34823423624038696
Bicepcurl,,,-0.32193416357040405,0.7737891674041748,-0.32979100942611694
Bicepcurl,,,-0.2994760274887085,0.7822092771530151,-0.3146953582763672
Bicepcurl,,,-0.2881501317024231,0.7891889810562134,-0.3079705238342285
Bicepcurl,,,-0.28346508741378784,0.796312689781189,-0.3087541460990906
Bicepcurl,,,-0.2773438096046448,0.8039090633392334,-0.3120653033256531
Bicepcurl,,,-0.2686716914176941,0.8114672899246216,-0.3138517141342163
Bicepcurl,,,-0.26277297735214233,0.8195452690124512,-0.31132805347442627
Bicepcurl,,,-0.26401084661483765,0.8291350603103638,-0.30580300092697144
Bicepcurl,,,-0.27364814281463623,0.8405040502548218,-0.3004724979400635
Bicepcurl,,,-0.2907502055168152,0.8528718948364258,-0.2972007989883423
Bicepcurl,,,-0.31105899810791016,0.865379810333252,-0.2936479449272156
Bicepcurl,,,-0.3259062170982361,0.8771239519119263,-0.28373897075653076
Bicepcurl,,,-0.32711678743362427,0.8865362405776978,-0.2629624605178833
Bicepcurl,,,-0.31380748748779297,0.891980767250061,-0.2298164963722229
Bicepcurl,,,-0.29403018951416016,0.8924555778503418,-0.18610996007919312
Bicepcurl,,,-0.28037309646606445,0.8880488872528076,-0.13315439224243164
Bicepcurl,,,-0.27892041206359863,0.8793208599090576,-0.07050168514251709
Bicepcurl,,,-0.28258246183395386,0.8656377792358398,-0.001196742057800293
Bicepcurl,,,-0.27989691495895386,0.8463599681854248,0.06688845157623291
Bicepcurl,,,-0.2656129002571106,0.8240557909011841,0.12366628646850586
Bicepcurl,,,-0.24268853664398193,0.8036302328109741,0.16373169422149658
Bicepcurl,,,-0.2162114977836609,0.7885892391204834,0.18776071071624756
Bicepcurl,,,-0.18955355882644653,0.7790061235427856,0.199396014213562
Bicepcurl,,,-0.1656785011291504,0.7737510204315186,0.2028806209564209
Bicepcurl,,,-0.14746737480163574,0.7723537683486938,0.20061111450195312
Bicepcurl,,,-0.13912951946258545,0.7738422155380249,0.19304728507995605
Bicepcurl,,,-0.14568042755126953,0.7777031660079956,0.17911255359649658
Bicepcurl,,,-0.16629081964492798,0.7854154109954834,0.15878939628601074
Bicepcurl,,,-0.19062542915344238,0.7982074022293091,0.13429570198059082
Bicepcurl,,,-0.20532429218292236,0.8149315118789673,0.11007845401763916
Bicepcurl,,,-0.20362335443496704,0.8329434394836426,0.09105122089385986
Bicepcurl,,,-0.19152826070785522,0.8499791622161865,0.07906138896942139
Bicepcurl,,,-0.1834208369255066,0.8655308485031128,0.0720663070678711
Bicepcurl,,,-0.19108587503433228,0.8795895576477051,0.06510639190673828
Bicepcurl,,,-0.2164098620414734,0.892396092414856,0.05465400218963623
Bicepcurl,,,-0.24945920705795288,0.9050329923629761,0.042444825172424316
Bicepcurl,,,-0.276979923248291,0.9175792932510376,0.03307163715362549
Bicepcurl,,,-0.2913002371788025,0.9287010431289673,0.029782891273498535
Bicepcurl,,,-0.2909315824508667,0.9360904693603516,0.03161334991455078
Bicepcurl,,,-0.2796841859817505,0.9378257989883423,0.03523242473602295
Bicepcurl,,,-0.2624744772911072,0.9342869520187378,0.03843390941619873
Bicepcurl,,,-0.2446666955947876,0.9269180297851562,0.04070258140563965
Bicepcurl,,,-0.2323375940322876,0.9173157215118408,0.04336988925933838
Bicepcurl,,,-0.22949039936065674,0.9061875343322754,0.047537922859191895
Bicepcurl,,,-0.23689740896224976,0.8929522037506104,0.05184519290924072
Bicepcurl,,,-0.25100237131118774,0.8780263662338257,0.05288708209991455
Bicepcurl,,,-0.26657527685165405,0.8635439872741699,0.04777538776397705
Bicepcurl,,,-0.27914315462112427,0.8522173166275024,0.03742659091949463
Bicepcurl,,,-0.2846834063529968,0.8449724912643433,0.025382041931152344
Bicepcurl,,,-0.2805364727973938,0.8399311304092407,0.014841556549072266
Bicepcurl,,,-0.2674017548561096,0.8340364694595337,0.006826162338256836
Bicepcurl,,,-0.2500743269920349,0.8251736164093018,-0.0013855695724487305
Bicepcurl,,,-0.2361026406288147,0.813151478767395,-0.01517331600189209
Bicepcurl,,,-0.23438942432403564,0.7993853092193604,-0.040045082569122314
Bicepcurl,,,-0.2507498264312744,0.7874419689178467,-0.07519549131393433
Bicepcurl,,,-0.27984046936035156,0.7817685604095459,-0.11066877841949463
Bicepcurl,,,-0.305827260017395,0.7835915088653564,-0.13296747207641602
Bicepcurl,,,-0.31374555826187134,0.7889827489852905,-0.13639330863952637
Bicepcurl,,,-0.29983675479888916,0.7919245958328247,-0.1277877688407898
Bicepcurl,,,-0.2741253972053528,0.787601113319397,-0.11917394399642944
Bicepcurl,,,-0.2533671259880066,0.773638129234314,-0.12179440259933472
Bicepcurl,,,-0.2503523826599121,0.7510782480239868,-0.14228767156600952
Bicepcurl,,,-0.26840853691101074,0.7245348691940308,-0.18183541297912598
Bicepcurl,,,-0.30135875940322876,0.7012813091278076,-0.23442143201828003
Bicepcurl,,,-0.33791685104370117,0.6872366666793823,-0.2872360944747925
Bicepcurl,,,-0.3659258484840393,0.6843224763870239,-0.3259161114692688
Bicepcurl,,,-0.3763670325279236,0.6899377107620239,-0.33962512016296387
Bicepcurl,,,-0.3670955300331116,0.6977938413619995,-0.3262439966201782
Bicepcurl,,,-0.3425934910774231,0.7003337144851685,-0.29477399587631226
Bicepcurl,,,-0.3158237934112549,0.6915757656097412,-0.26165473461151123
Bicepcurl,,,-0.30737894773483276,0.6705400943756104,-0.24637019634246826
Bicepcurl,,,-0.3333778977394104,0.6417170763015747,-0.26448750495910645
Bicepcurl,,,-0.39051783084869385,0.6114941835403442,-0.3220447301864624
Bicepcurl,,,-0.45739132165908813,0.5855070352554321,-0.4117499589920044
Bicepcurl,,,-0.5081490278244019,0.5692992210388184,-0.5091769695281982
Bicepcurl,,,-0.5244731307029724,0.566563606262207,-0.5824930667877197
Bicepcurl,,,-0.5006635189056396,0.5765070915222168,-0.6078047752380371
Bicepcurl,,,-0.443917453289032,0.5923694372177124,-0.58116614818573
Bicepcurl,,,-0.3760877251625061,0.6032537221908569,-0.5172038078308105
Bicepcurl,,,-0.3259696364402771,0.5997779369354248,-0.4408666491508484
Bicepcurl,,,-0.31731683015823364,0.5782476663589478,-0.38519638776779175
Bicepcurl,,,-0.35988420248031616,0.5411578416824341,-0.38495397567749023
Bicepcurl,,,-0.44498753547668457,0.4940166473388672,-0.4619396924972534
Bicepcurl,,,-0.5451886653900146,0.445536732673645,-0.603812575340271
Bicepcurl,,,-0.6233154535293579,0.408105731010437,-0.7619659900665283
Bicepcurl,,,-0.6531500220298767,0.3927905559539795,-0.8769508600234985
Bicepcurl,,,-0.6305458545684814,0.40394484996795654,-0.9080089926719666
Bicepcurl,,,-0.5728632211685181,0.43307363986968994,-0.8496794700622559
Bicepcurl,,,-0.5103698968887329,0.46217548847198486,-0.7275664806365967
Bicepcurl,,,-0.47229719161987305,0.47163116931915283,-0.5893352031707764
Bicepcurl,,,-0.47207576036453247,0.44948017597198486,-0.49070221185684204
Bicepcurl,,,-0.5021990537643433,0.3998067378997803,-0.47988593578338623
Bicepcurl,,,-0.5450323224067688,0.3354475498199463,-0.579581618309021
Bicepcurl,,,-0.5827121734619141,0.2718160152435303,-0.7698103189468384
Bicepcurl,,,-0.6029655933380127,0.22203600406646729,-0.9919387698173523
Bicepcurl,,,-0.6046919226646423,0.195794939994812,-1.1685750484466553
Bicepcurl,,,-0.5951502323150635,0.19786977767944336,-1.236295223236084
Bicepcurl,,,-0.5841205716133118,0.2248142957687378,-1.1728380918502808
Bicepcurl,,,-0.5830689668655396,0.2607996463775635,-1.005443811416626
Bicepcurl,,,-0.6023958921432495,0.28042328357696533,-0.7981468439102173
Bicepcurl,,,-0.6412320137023926,0.26795685291290283,-0.6265758275985718
Bicepcurl,,,-0.6809478998184204,0.22782540321350098,-0.5569616556167603
Bicepcurl,,,-0.6973639726638794,0.17843317985534668,-0.6250678300857544
Bicepcurl,,,-0.682374119758606,0.13189911842346191,-0.8118502497673035
Bicepcurl,,,-0.648553729057312,0.09129703044891357,-1.043724775314331
Bicepcurl,,,-0.615864634513855,0.06089770793914795,-1.2285773754119873
Bicepcurl,,,-0.5977847576141357,0.046122193336486816,-1.298738718032837
Bicepcurl,,,-0.5984615087509155,0.04854440689086914,-1.2359182834625244
Bicepcurl,,,-0.6172084808349609,0.060767531394958496,-1.068601369857788
Bicepcurl,,,-0.6475864052772522,0.07004046440124512,-0.8582358360290527
Bicepcurl,,,-0.675016462802887,0.06740283966064453,-0.6786336898803711
Bicepcurl,,,-0.6811574697494507,0.05263698101043701,-0.5898123979568481
Bicepcurl,,,-0.655060887336731,0.029764533042907715,-0.6174105405807495
Bicepcurl,,,-0.6034453511238098,0.0008282661437988281,-0.7448416948318481
Bicepcurl,,,-0.5485624670982361,-0.03537625074386597,-0.9282443523406982
Bicepcurl,,,-0.5108970403671265,-0.07838582992553711,-1.1140875816345215
Bicepcurl,,,-0.4984853267669678,-0.1218942403793335,-1.2489206790924072
Bicepcurl,,,-0.514133632183075,-0.15429764986038208,-1.2907326221466064
Bicepcurl,,,-0.5589659214019775,-0.16623550653457642,-1.2265357971191406
Bicepcurl,,,-0.6239298582077026,-0.16040557622909546,-1.0839643478393555
Bicepcurl,,,-0.6866533160209656,-0.1482706069946289,-0.9127444624900818
Bicepcurl,,,-0.7254956960678101,-0.13996922969818115,-0.76077800989151
Bicepcurl,,,-0.7333621978759766,-0.13937032222747803,-0.6612253189086914
Bicepcurl,,,-0.7117893695831299,-0.14848870038986206,-0.6337259411811829
Bicepcurl,,,-0.6621195077896118,-0.17135590314865112,-0.6864808201789856
Bicepcurl,,,-0.589550256729126,-0.20777273178100586,-0.8073821067810059
Bicepcurl,,,-0.5090603232383728,-0.2504124045372009,-0.9620370864868164
Bicepcurl,,,-0.4427260756492615,-0.2873997092247009,-1.1025015115737915
Bicepcurl,,,-0.40939033031463623,-0.3098088502883911,-1.187330961227417
Bicepcurl,,,-0.41846007108688354,-0.3166702389717102,-1.1927509307861328
Bicepcurl,,,-0.4690248966217041,-0.3110097050666809,-1.1170135736465454
Bicepcurl,,,-0.5465580224990845,-0.2972765564918518,-0.9821684956550598
Bicepcurl,,,-0.6254470348358154,-0.2800062894821167,-0.8278747797012329
Bicepcurl,,,-0.6813005805015564,-0.2650834321975708,-0.701547384262085
Bicepcurl,,,-0.7010811567306519,-0.2610737085342407,-0.6449664831161499
Bicepcurl,,,-0.6825759410858154,-0.27522343397140503,-0.6791664958000183
Bicepcurl,,,-0.6313823461532593,-0.3065915107727051,-0.7905029654502869
Bicepcurl,,,-0.5622266530990601,-0.3431791067123413,-0.9337082505226135
Bicepcurl,,,-0.4967464208602905,-0.3697606921195984,-1.054297685623169
Bicepcurl,,,-0.4547211527824402,-0.3792063593864441,-1.113385796546936
Bicepcurl,,,-0.4460553526878357,-0.3743250370025635,-1.0994048118591309
Bicepcurl,,,-0.46970897912979126,-0.361852765083313,-1.0272554159164429
Bicepcurl,,,-0.5148440599441528,-0.34724104404449463,-0.9298812747001648
Bicepcurl,,,-0.5661242604255676,-0.3337950110435486,-0.8425264358520508
Bicepcurl,,,-0.6088473200798035,-0.3250114321708679,-0.7906639575958252
Bicepcurl,,,-0.6308498382568359,-0.3250192403793335,-0.7852661609649658
Bicepcurl,,,-0.6271646618843079,-0.3351905345916748,-0.8219859600067139
Bicepcurl,,,-0.6019372344017029,-0.35157233476638794,-0.8836959600448608
Bicepcurl,,,-0.566940188407898,-0.36696165800094604,-0.9463782906532288
Bicepcurl,,,-0.5348032712936401,-0.375796914100647,-0.9900795221328735
Bicepcurl,,,-0.5141192674636841,-0.377108633518219,-1.0043129920959473
Bicepcurl,,,-0.5097695589065552,-0.37203824520111084,-0.987384557723999
Bicepcurl,,,-0.5227965116500854,-0.36178112030029297,-0.9473326206207275
Bicepcurl,,,-0.5486571788787842,-0.34887999296188354,-0.9025396108627319
Bicepcurl,,,-0.5768893957138062,-0.33798086643218994,-0.8749894499778748
Bicepcurl,,,-0.595920205116272,-0.333379328250885,-0.8768007755279541
Bicepcurl,,,-0.6000038981437683,-0.3357454538345337,-0.9031079411506653
Bicepcurl,,,-0.591719388961792,-0.34185171127319336,-0.9383488297462463
Bicepcurl,,,-0.5769121646881104,-0.3473634123802185,-0.9688281416893005
Bicepcurl,,,-0.5607196092605591,-0.3494238257408142,-0.9890018701553345
Bicepcurl,,,-0.5483777523040771,-0.34712690114974976,-0.9990988373756409
Bicepcurl,,,-0.5455930233001709,-0.3412453532218933,-1.0006330013275146
Bicepcurl,,,-0.5556754469871521,-0.33342862129211426,-0.9966497421264648
Bicepcurl,,,-0.5757696628570557,-0.32616543769836426,-0.9942703247070312
Bicepcurl,,,-0.5976645350456238,-0.32165318727493286,-1.00105619430542
Bicepcurl,,,-0.6135774254798889,-0.319701611995697,-1.018212914466858
Bicepcurl,,,-0.6196828484535217,-0.3178212642669678,-1.0388602018356323
Bicepcurl,,,-0.6163522005081177,-0.31332796812057495,-1.0544934272766113
Bicepcurl,,,-0.606214165687561,-0.30568230152130127,-1.0622649192810059
Bicepcurl,,,-0.592475175857544,-0.2965741753578186,-1.064941644668579
Bicepcurl,,,-0.5786607265472412,-0.28741902112960815,-1.0659713745117188
Bicepcurl,,,-0.5687982439994812,-0.2772771716117859,-1.066184639930725
Bicepcurl,,,-0.5662418007850647,-0.26412129402160645,-1.0650341510772705
Bicepcurl,,,-0.5701359510421753,-0.2479691505432129,-1.063410997390747
Bicepcurl,,,-0.5758919715881348,-0.23108237981796265,-1.0628700256347656
Bicepcurl,,,-0.5788885951042175,-0.21515154838562012,-1.062671184539795
Bicepcurl,,,-0.5770732164382935,-0.199812114238739,-1.061882734298706
Bicepcurl,,,-0.5703312158584595,-0.18423068523406982,-1.0605688095092773
Bicepcurl,,,-0.5602855086326599,-0.16788578033447266,-1.0583560466766357
Bicepcurl,,,-0.5501512885093689,-0.15020084381103516,-1.0546140670776367
Bicepcurl,,,-0.5416940450668335,-0.1313428282737732,-1.049615740776062
Bicepcurl,,,-0.5357975363731384,-0.11320501565933228,-1.045545220375061
Bicepcurl,,,-0.5346989631652832,-0.09781831502914429,-1.0431126356124878
Bicepcurl,,,-0.5392733812332153,-0.08321565389633179,-1.0388226509094238
Bicepcurl,,,-0.5470128655433655,-0.06399184465408325,-1.0281938314437866
Bicepcurl,,,-0.5517765283584595,-0.03566122055053711,-1.0114814043045044
Bicepcurl,,,-0.5495123863220215,-0.0018396973609924316,-0.994242787361145
Bicepcurl,,,-0.5409990549087524,0.025277376174926758,-0.9826139211654663
Bicepcurl,,,-0.5273934006690979,0.03742647171020508,-0.9787886738777161
Bicepcurl,,,-0.5114826560020447,0.03854191303253174,-0.9807156920433044
Bicepcurl,,,-0.4959203004837036,0.04067409038543701,-0.9869895577430725
Bicepcurl,,,-0.48418664932250977,0.05107903480529785,-0.995564877986908
Bicepcurl,,,-0.47856074571609497,0.06769263744354248,-1.0029619932174683
Bicepcurl,,,-0.47565758228302,0.08639740943908691,-1.0052028894424438
Bicepcurl,,,-0.4726794362068176,0.10601723194122314,-0.9980053305625916
Bicepcurl,,,-0.47177648544311523,0.12848210334777832,-0.9809547662734985
Bicepcurl,,,-0.47822654247283936,0.15461909770965576,-0.9565756320953369
Bicepcurl,,,-0.493267297744751,0.18112468719482422,-0.9290878176689148
Bicepcurl,,,-0.5097479820251465,0.20386099815368652,-0.9031710624694824
Bicepcurl,,,-0.5192624926567078,0.22160911560058594,-0.881603479385376
Bicepcurl,,,-0.5178458094596863,0.23648226261138916,-0.8666192293167114
Bicepcurl,,,-0.5040696859359741,0.25153839588165283,-0.8608954548835754
Bicepcurl,,,-0.47771233320236206,0.2684895992279053,-0.8654412031173706
Bicepcurl,,,-0.44213151931762695,0.28778600692749023,-0.8764973878860474
Bicepcurl,,,-0.40669775009155273,0.3084573745727539,-0.8830673694610596
Bicepcurl,,,-0.3809988498687744,0.3289456367492676,-0.8702396154403687
Bicepcurl,,,-0.3696618676185608,0.3492307662963867,-0.8313702344894409
Bicepcurl,,,-0.37367188930511475,0.3687424659729004,-0.7728581428527832
Bicepcurl,,,-0.390766441822052,0.3855372667312622,-0.7099563479423523
Bicepcurl,,,-0.41443002223968506,0.3984113931655884,-0.6587625741958618
Bicepcurl,,,-0.4336831569671631,0.4064427614212036,-0.6269298791885376
Bicepcurl,,,-0.43802356719970703,0.41003477573394775,-0.6149002313613892
Bicepcurl,,,-0.4227282404899597,0.4110947847366333,-0.6170276403427124
Bicepcurl,,,-0.3900541663169861,0.41433584690093994,-0.624316930770874
Bicepcurl,,,-0.3491395115852356,0.4243428707122803,-0.6275683641433716
Bicepcurl,,,-0.31417953968048096,0.44061481952667236,-0.6201858520507812
Bicepcurl,,,-0.2983167767524719,0.4602605104446411,-0.6043636202812195
Bicepcurl,,,-0.305810809135437,0.4812285900115967,-0.5861814022064209
Bicepcurl,,,-0.33113938570022583,0.5037925243377686,-0.5661805868148804
Bicepcurl,,,-0.3651832938194275,0.5291392803192139,-0.5375396609306335
Bicepcurl,,,-0.4007558226585388,0.5573891401290894,-0.4973757863044739
Bicepcurl,,,-0.43030476570129395,0.5870752334594727,-0.4569004774093628
Bicepcurl,,,-0.4433414936065674,0.6139101982116699,-0.43405431509017944
Bicepcurl,,,-0.4345166087150574,0.6333543062210083,-0.43880563974380493
Bicepcurl,,,-0.41044187545776367,0.6453853845596313,-0.46478718519210815
Bicepcurl,,,-0.38597506284713745,0.6550295352935791,-0.4958375096321106
Bicepcurl,,,-0.3732163906097412,0.6677423715591431,-0.5172539353370667
Bicepcurl,,,-0.3742775321006775,0.685465931892395,-0.5209754705429077
Bicepcurl,,,-0.3869374394416809,0.7076231241226196,-0.5044314861297607
Bicepcurl,,,-0.40800565481185913,0.7325435876846313,-0.46718859672546387
Bicepcurl,,,-0.4292779564857483,0.7560549974441528,-0.4136638045310974
Bicepcurl,,,-0.4380965232849121,0.7728112936019897,-0.35487693548202515
Bicepcurl,,,-0.4241885542869568,0.780888557434082,-0.30369359254837036
Bicepcurl,,,-0.3859409689903259,0.7823004722595215,-0.26818639039993286
Bicepcurl,,,-0.3301268219947815,0.7798689603805542,-0.24858957529067993
Bicepcurl,,,-0.2679671049118042,0.7744386196136475,-0.23685204982757568
Bicepcurl,,,-0.20950984954833984,0.7658175230026245,-0.22101205587387085
Bicepcurl,,,-0.1609378457069397,0.7547061443328857,-0.19174081087112427
Bicepcurl,,,-0.12474262714385986,0.7429876327514648,-0.14695245027542114
Bicepcurl,,,-0.10163319110870361,0.732837438583374,-0.09280127286911011
Bicepcurl,,,-0.09120875597000122,0.7254685163497925,-0.03744351863861084
Bicepcurl,,,-0.09075397253036499,0.7204396724700928,0.01409614086151123
Bicepcurl,,,-0.09999865293502808,0.7155029773712158,0.061992764472961426
Bicepcurl,,,-0.11863851547241211,0.7091203927993774,0.1064140796661377
Bicepcurl,,,-0.14082854986190796,0.7016805410385132,0.14198553562164307
Bicepcurl,,,-0.1574556827545166,0.6945368051528931,0.163002610206604
Bicepcurl,,,-0.16234833002090454,0.6890605688095093,0.16969764232635498
Bicepcurl,,,-0.15850847959518433,0.6860232353210449,0.16807842254638672
Bicepcurl,,,-0.15328437089920044,0.686671257019043,0.1636359691619873
Bicepcurl,,,-0.152030348777771,0.6921560764312744,0.15668272972106934
Bicepcurl,,,-0.15676343441009521,0.702683687210083,0.14426875114440918
Bicepcurl,,,-0.16585201025009155,0.7181558609008789,0.12401962280273438
Bicepcurl,,,-0.17698067426681519,0.7379747629165649,0.09530699253082275
Bicepcurl,,,-0.18924862146377563,0.7611790895462036,0.05877232551574707
Bicepcurl,,,-0.20343822240829468,0.7868565320968628,0.01664590835571289
Bicepcurl,,,-0.2210676074028015,0.8142170906066895,-0.026217401027679443
Bicepcurl,,,-0.24255245923995972,0.8423951864242554,-0.06311088800430298
Bicepcurl,,,-0.26688092947006226,0.8694275617599487,-0.08829021453857422
Bicepcurl,,,-0.2915741205215454,0.892241358757019,-0.09946894645690918
Bicepcurl,,,-0.31320005655288696,0.907761812210083,-0.09911477565765381
Bicepcurl,,,-0.3292309641838074,0.9139019250869751,-0.09300249814987183
Bicepcurl,,,-0.338098406791687,0.9102356433868408,-0.0873604416847229
Bicepcurl,,,-0.3384327292442322,0.8979707956314087,-0.08653634786605835
Bicepcurl,,,-0.33091211318969727,0.8797615766525269,-0.09179937839508057
Bicepcurl,,,-0.32082515954971313,0.8588348627090454,-0.10129493474960327
Bicepcurl,,,-0.31626951694488525,0.8377155065536499,-0.11057186126708984
Bicepcurl,,,-0.3214324712753296,0.817420244216919,-0.11486029624938965
Bicepcurl,,,-0.3327013850212097,0.7972731590270996,-0.11161911487579346
Bicepcurl,,,-0.3421502113342285,0.7755197286605835,-0.10159718990325928
Bicepcurl,,,-0.34281957149505615,0.7511582374572754,-0.08841896057128906
Bicepcurl,,,-0.3310403823852539,0.7248661518096924,-0.07927346229553223
Bicepcurl,,,-0.3072413206100464,0.6996533870697021,-0.08395051956176758
Bicepcurl,,,-0.2774611711502075,0.6786123514175415,-0.11336201429367065
Bicepcurl,,,-0.2511596083641052,0.6639446020126343,-0.17072147130966187
Bicepcurl,,,-0.2391456961631775,0.6566207408905029,-0.24458175897598267
Bicepcurl,,,-0.2502537965774536,0.6548293828964233,-0.31616008281707764
Bicepcurl,,,-0.284601628780365,0.6563668251037598,-0.3676799535751343
Bicepcurl,,,-0.33356761932373047,0.6581043004989624,-0.38785743713378906
Bicepcurl,,,-0.3855906128883362,0.6567894220352173,-0.3706445097923279
Bicepcurl,,,-0.4326893091201782,0.6495146751403809,-0.3208550810813904
Bicepcurl,,,-0.4687095880508423,0.635226845741272,-0.26163071393966675
Bicepcurl,,,-0.488166868686676,0.616836667060852,-0.22772502899169922
Bicepcurl,,,-0.49221348762512207,0.5978586673736572,-0.2488740086555481
Bicepcurl,,,-0.49044597148895264,0.5801379680633545,-0.331403911113739
Bicepcurl,,,-0.49387115240097046,0.5650433301925659,-0.4521164894104004
Bicepcurl,,,-0.5060760974884033,0.5549746751785278,-0.5684331655502319
Bicepcurl,,,-0.5232117772102356,0.5518984794616699,-0.638676643371582
Bicepcurl,,,-0.5409741401672363,0.553998589515686,-0.6404686570167542
Bicepcurl,,,-0.5588153004646301,0.5548363924026489,-0.5800034999847412
Bicepcurl,,,-0.5760011672973633,0.5473858118057251,-0.48902440071105957
Bicepcurl,,,-0.5898048877716064,0.5280218124389648,-0.41242820024490356
Bicepcurl,,,-0.5998382568359375,0.4998641014099121,-0.38909703493118286
Bicepcurl,,,-0.6094163656234741,0.470365047454834,-0.43319159746170044
Bicepcurl,,,-0.6218264698982239,0.4448586702346802,-0.5292278528213501
Bicepcurl,,,-0.6346040964126587,0.42482292652130127,-0.638841986656189
Bicepcurl,,,-0.6410107612609863,0.4106639623641968,-0.7181044816970825
Bicepcurl,,,-0.6369107961654663,0.4065375328063965,-0.7373642325401306
Bicepcurl,,,-0.6241627931594849,0.41076159477233887,-0.6937925815582275
Bicepcurl,,,-0.6086776256561279,0.41042208671569824,-0.6104339361190796
Bicepcurl,,,-0.5942268371582031,0.39360809326171875,-0.5230673551559448
Bicepcurl,,,-0.5819528102874756,0.36115336418151855,-0.46768856048583984
Bicepcurl,,,-0.5724605321884155,0.3239109516143799,-0.4700629711151123
Bicepcurl,,,-0.566922664642334,0.2904226779937744,-0.5390156507492065
Bicepcurl,,,-0.5656967163085938,0.263616681098938,-0.661859393119812
Bicepcurl,,,-0.5671005249023438,0.2380974292755127,-0.8053157329559326
Bicepcurl,,,-0.5693181753158569,0.20641744136810303,-0.9289132356643677
Bicepcurl,,,-0.5726547241210938,0.17069542407989502,-1.0041264295578003
Bicepcurl,,,-0.5810409784317017,0.14269685745239258,-1.0242031812667847
Bicepcurl,,,-0.5969535112380981,0.12927639484405518,-0.999468207359314
Bicepcurl,,,-0.6176130771636963,0.12357449531555176,-0.9487608671188354
Bicepcurl,,,-0.6375453472137451,0.11739027500152588,-0.8920376896858215
Bicepcurl,,,-0.6538034677505493,0.1078033447265625,-0.8481220602989197
Bicepcurl,,,-0.6662365198135376,0.09311115741729736,-0.834993839263916
Bicepcurl,,,-0.6734492778778076,0.07128143310546875,-0.8688796162605286
Bicepcurl,,,-0.6720144748687744,0.04214954376220703,-0.9560930728912354
Bicepcurl,,,-0.6592471599578857,0.008631110191345215,-1.0775750875473022
Bicepcurl,,,-0.6370192170143127,-0.023482143878936768,-1.1907439231872559
Bicepcurl,,,-0.6120513081550598,-0.04736828804016113,-1.2501282691955566
Bicepcurl,,,-0.5937480330467224,-0.05750870704650879,-1.2311455011367798
Bicepcurl,,,-0.5888899564743042,-0.051403939723968506,-1.1419832706451416
Bicepcurl,,,-0.5969918966293335,-0.03173494338989258,-1.0167497396469116
Bicepcurl,,,-0.6123484969139099,-0.0069405436515808105,-0.8994677662849426
Bicepcurl,,,-0.6277662515640259,0.0098496675491333,-0.828249990940094
Bicepcurl,,,-0.6353937387466431,0.005573868751525879,-0.8252764940261841
Bicepcurl,,,-0.6284964084625244,-0.0244254469871521,-0.8898628354072571
Bicepcurl,,,-0.605434775352478,-0.07063692808151245,-0.9955633878707886
Bicepcurl,,,-0.5712661743164062,-0.11361736059188843,-1.0986530780792236
Bicepcurl,,,-0.5353609323501587,-0.1367490291595459,-1.1595520973205566
Bicepcurl,,,-0.5079985857009888,-0.13767534494400024,-1.1615574359893799
Bicepcurl,,,-0.4972618818283081,-0.1279367208480835,-1.1141053438186646
Bicepcurl,,,-0.5047658681869507,-0.12177664041519165,-1.0460249185562134
Bicepcurl,,,-0.5233765840530396,-0.1262606382369995,-0.9903144240379333
Bicepcurl,,,-0.5429205894470215,-0.13797098398208618,-0.9673062562942505
Bicepcurl,,,-0.5560493469238281,-0.1481398344039917,-0.9774813055992126
Bicepcurl,,,-0.5598026514053345,-0.15193146467208862,-1.0052438974380493
Bicepcurl,,,-0.5570878982543945,-0.15028107166290283,-1.0291244983673096
Bicepcurl,,,-0.5536482930183411,-0.1461474895477295,-1.0337883234024048
Bicepcurl,,,-0.5536552667617798,-0.14178067445755005,-1.0177289247512817
Bicepcurl,,,-0.5569095611572266,-0.13858145475387573,-0.9912132024765015
Bicepcurl,,,-0.5600853562355042,-0.1381511092185974,-0.9680430293083191
Bicepcurl,,,-0.5609441995620728,-0.14136219024658203,-0.9573670029640198
Bicepcurl,,,-0.5589370727539062,-0.14779692888259888,-0.9604749083518982
Bicepcurl,,,-0.5547482967376709,-0.15624606609344482,-0.9714936017990112
Bicepcurl,,,-0.5496378540992737,-0.1650099754333496,-0.9818524122238159
Bicepcurl,,,-0.5450266599655151,-0.17271310091018677,-0.9864718914031982
Bicepcurl,,,-0.5427724123001099,-0.17828232049942017,-0.9857264161109924
Bicepcurl,,,-0.5438033938407898,-0.18065917491912842,-0.983673632144928
Bicepcurl,,,-0.5474354028701782,-0.1799982190132141,-0.9848199486732483
Bicepcurl,,,-0.5527033805847168,-0.1785135269165039,-0.9907156229019165
Bicepcurl,,,-0.5595703125,-0.17885994911193848,-0.9990085363388062
Bicepcurl,,,-0.5679972171783447,-0.18117612600326538,-1.0064845085144043
Bicepcurl,,,-0.5769312381744385,-0.18329697847366333,-1.013543725013733
Bicepcurl,,,-0.5843265056610107,-0.18428319692611694,-1.0239982604980469
Bicepcurl,,,-0.5880750417709351,-0.18505829572677612,-1.0394519567489624
Bicepcurl,,,-0.587584376335144,-0.18599623441696167,-1.0566036701202393
Bicepcurl,,,-0.5846415758132935,-0.18587636947631836,-1.070233941078186
Bicepcurl,,,-0.5827499628067017,-0.1834757924079895,-1.0775227546691895
Bicepcurl,,,-0.5841894149780273,-0.17934000492095947,-1.0791845321655273
Bicepcurl,,,-0.5884175300598145,-0.17459869384765625,-1.076970100402832
Bicepcurl,,,-0.5930885076522827,-0.16910803318023682,-1.0720754861831665
Bicepcurl,,,-0.596614420413971,-0.16165441274642944,-1.066552996635437
Bicepcurl,,,-0.5988332033157349,-0.15200960636138916,-1.0641182661056519
Bicepcurl,,,-0.5989944338798523,-0.14169645309448242,-1.067880630493164
Bicepcurl,,,-0.5957567691802979,-0.13204622268676758,-1.0763851404190063
Bicepcurl,,,-0.589087724685669,-0.1226123571395874,-1.0843435525894165
Bicepcurl,,,-0.5806477069854736,-0.11257296800613403,-1.0870680809020996
Bicepcurl,,,-0.5721536874771118,-0.1022762656211853,-1.0824748277664185
Bicepcurl,,,-0.5642263889312744,-0.09245699644088745,-1.0717790126800537
Bicepcurl,,,-0.55743408203125,-0.083282470703125,-1.0578938722610474
Bicepcurl,,,-0.5532197952270508,-0.07399779558181763,-1.0446653366088867
Bicepcurl,,,-0.5525140166282654,-0.06387120485305786,-1.03595769405365
Bicepcurl,,,-0.5541343688964844,-0.05318307876586914,-1.0339338779449463
Bicepcurl,,,-0.5550651550292969,-0.04308539628982544,-1.0394665002822876
Bicepcurl,,,-0.5526968836784363,-0.034912824630737305,-1.0525273084640503
Bicepcurl,,,-0.5461187362670898,-0.029201030731201172,-1.0727699995040894
Bicepcurl,,,-0.5355370044708252,-0.025510072708129883,-1.0951910018920898
Bicepcurl,,,-0.5220012068748474,-0.021573901176452637,-1.1076403856277466
Bicepcurl,,,-0.5081123113632202,-0.013006508350372314,-1.0995590686798096
Bicepcurl,,,-0.4976229667663574,0.0031957626342773438,-1.0722407102584839
Bicepcurl,,,-0.4933449625968933,0.02593827247619629,-1.0407854318618774
Bicepcurl,,,-0.49604976177215576,0.05047774314880371,-1.021446704864502
Bicepcurl,,,-0.5056822299957275,0.07187032699584961,-1.0193191766738892
Bicepcurl,,,-0.5207582116127014,0.08813107013702393,-1.0272693634033203
Bicepcurl,,,-0.535903811454773,0.09948849678039551,-1.031810998916626
Bicepcurl,,,-0.5423201322555542,0.10808706283569336,-1.023665189743042
Bicepcurl,,,-0.5334939360618591,0.11785495281219482,-0.9998692274093628
Bicepcurl,,,-0.511094331741333,0.13394463062286377,-0.962884783744812
Bicepcurl,,,-0.48366087675094604,0.16080725193023682,-0.9212422966957092
Bicepcurl,,,-0.4626404643058777,0.19575285911560059,-0.885434627532959
Bicepcurl,,,-0.45635998249053955,0.22871673107147217,-0.8625498414039612
Bicepcurl,,,-0.46608495712280273,0.250901460647583,-0.8524949550628662
Bicepcurl,,,-0.4867017865180969,0.2616351842880249,-0.8506836891174316
Bicepcurl,,,-0.5085263252258301,0.26763832569122314,-0.8527404069900513
Bicepcurl,,,-0.5215576887130737,0.2747485637664795,-0.8520472049713135
Bicepcurl,,,-0.5197107195854187,0.2858917713165283,-0.8405209183692932
Bicepcurl,,,-0.5032119750976562,0.3031693696975708,-0.8162808418273926
Bicepcurl,,,-0.47690320014953613,0.32532525062561035,-0.7887668609619141
Bicepcurl,,,-0.4463154077529907,0.3478820323944092,-0.7717422842979431
Bicepcurl,,,-0.41781628131866455,0.3667408227920532,-0.770160436630249
Bicepcurl,,,-0.39988940954208374,0.38150739669799805,-0.7768407464027405
Bicepcurl,,,-0.3987320065498352,0.3943488597869873,-0.7794157266616821
Bicepcurl,,,-0.413992702960968,0.4066314697265625,-0.7694655656814575
Bicepcurl,,,-0.4381718635559082,0.41925108432769775,-0.7438621520996094
Bicepcurl,,,-0.4596734642982483,0.4331902265548706,-0.7060523629188538
Bicepcurl,,,-0.4688541293144226,0.44831275939941406,-0.6656758189201355
Bicepcurl,,,-0.46106934547424316,0.46314537525177,-0.6352022886276245
Bicepcurl,,,-0.43730151653289795,0.47619199752807617,-0.6237549781799316
Bicepcurl,,,-0.40254825353622437,0.4874309301376343,-0.6300671100616455
Bicepcurl,,,-0.36439448595046997,0.49863743782043457,-0.6448769569396973
Bicepcurl,,,-0.33256828784942627,0.5118616819381714,-0.6569058895111084
Bicepcurl,,,-0.3151214122772217,0.5268328189849854,-0.6579619646072388
Bicepcurl,,,-0.3155260682106018,0.5417585372924805,-0.6448743343353271
Bicepcurl,,,-0.33143430948257446,0.5550801753997803,-0.6201286911964417
Bicepcurl,,,-0.35417503118515015,0.5674425363540649,-0.5892611742019653
Bicepcurl,,,-0.3724246621131897,0.5817770957946777,-0.5580835938453674
Bicepcurl,,,-0.3796390891075134,0.5988900661468506,-0.5315842032432556
Bicepcurl,,,-0.3775355815887451,0.6158337593078613,-0.5149228572845459
Bicepcurl,,,-0.37057822942733765,0.6279321908950806,-0.5105929374694824
Bicepcurl,,,-0.3619256019592285,0.634009838104248,-0.5134508609771729
Bicepcurl,,,-0.35542869567871094,0.6384739875793457,-0.513852596282959
Bicepcurl,,,-0.35459667444229126,0.646926999092102,-0.5015243291854858
Bicepcurl,,,-0.3569520115852356,0.6617938280105591,-0.47241002321243286
Bicepcurl,,,-0.35541194677352905,0.6812127828598022,-0.43200892210006714
Bicepcurl,,,-0.3470940589904785,0.7013334035873413,-0.39311128854751587
Bicepcurl,,,-0.3348761796951294,0.7189863920211792,-0.3670507073402405
Bicepcurl,,,-0.32129669189453125,0.7326099872589111,-0.35316550731658936
Bicepcurl,,,-0.30650120973587036,0.7421011924743652,-0.3416483402252197
Bicepcurl,,,-0.29252374172210693,0.7486729621887207,-0.32240039110183716
Bicepcurl,,,-0.2842055559158325,0.7539834976196289,-0.29273176193237305
Bicepcurl,,,-0.28415048122406006,0.7594854831695557,-0.25685423612594604
Bicepcurl,,,-0.28840768337249756,0.7663891315460205,-0.22048592567443848
Bicepcurl,,,-0.2897130250930786,0.7745623588562012,-0.18838244676589966
Bicepcurl,,,-0.2847555875778198,0.7830955982208252,-0.16314607858657837
Bicepcurl,,,-0.27515435218811035,0.7919051647186279,-0.14541780948638916
Bicepcurl,,,-0.26329803466796875,0.8015128374099731,-0.13138556480407715
Bicepcurl,,,-0.24924993515014648,0.8111802339553833,-0.11130726337432861
Bicepcurl,,,-0.23411428928375244,0.8178989887237549,-0.07667964696884155
Bicepcurl,,,-0.22262799739837646,0.8193409442901611,-0.02799057960510254
Bicepcurl,,,-0.21843332052230835,0.8157498836517334,0.024248361587524414
Bicepcurl,,,-0.21872085332870483,0.8089544773101807,0.06628882884979248
Bicepcurl,,,-0.21523910760879517,0.8006035089492798,0.09006667137145996
Bicepcurl,,,-0.20180684328079224,0.791382908821106,0.09572029113769531
Bicepcurl,,,-0.17967373132705688,0.7822136878967285,0.08980786800384521
Bicepcurl,,,-0.1536998748779297,0.7747378349304199,0.08139252662658691
Bicepcurl,,,-0.12645351886749268,0.7702018022537231,0.07789492607116699
Bicepcurl,,,-0.09973537921905518,0.7678521871566772,0.08344388008117676
Bicepcurl,,,-0.07800018787384033,0.7655923366546631,0.0981367826461792
Bicepcurl,,,-0.06804007291793823,0.7619426250457764,0.11687564849853516
Bicepcurl,,,-0.07500690221786499,0.7567161321640015,0.1295396089553833
Bicepcurl,,,-0.09914219379425049,0.7510300874710083,0.12349081039428711
Bicepcurl,,,-0.1356409788131714,0.7477926015853882,0.08937239646911621
Bicepcurl,,,-0.174973726272583,0.751315712928772,0.0294497013092041
Bicepcurl,,,-0.20596462488174438,0.7645671367645264,-0.039227068424224854
Bicepcurl,,,-0.2218417525291443,0.7860852479934692,-0.09208250045776367
Bicepcurl,,,-0.2229117751121521,0.8101129531860352,-0.1109997034072876
Bicepcurl,,,-0.2153031826019287,0.8294204473495483,-0.0954430103302002
Bicepcurl,,,-0.20848870277404785,0.8388750553131104,-0.06117671728134155
Bicepcurl,,,-0.21156489849090576,0.8377803564071655,-0.03012251853942871
Bicepcurl,,,-0.22896039485931396,0.8286803960800171,-0.019829988479614258
Bicepcurl,,,-0.2574421167373657,0.8152341842651367,-0.037009358406066895
Bicepcurl,,,-0.2885359525680542,0.8008002042770386,-0.07641339302062988
Bicepcurl,,,-0.3127042055130005,0.788447380065918,-0.12439233064651489
Bicepcurl,,,-0.3227469325065613,0.7803184986114502,-0.16548675298690796
Bicepcurl,,,-0.3164823651313782,0.776005744934082,-0.1889304518699646
Bicepcurl,,,-0.29791367053985596,0.7727150917053223,-0.19220328330993652
Bicepcurl,,,-0.2767724394798279,0.7673085927963257,-0.18218493461608887
Bicepcurl,,,-0.2638270854949951,0.7586895227432251,-0.17180627584457397
Bicepcurl,,,-0.2649388313293457,0.7479331493377686,-0.1689336895942688
Bicepcurl,,,-0.2791993021965027,0.7352480888366699,-0.1749609112739563
Bicepcurl,,,-0.3024975657463074,0.7195769548416138,-0.18576252460479736
Bicepcurl,,,-0.3336297273635864,0.6994236707687378,-0.19656842947006226
Bicepcurl,,,-0.3716433048248291,0.6752572059631348,-0.21437674760818481
Bicepcurl,,,-0.40632838010787964,0.6519604921340942,-0.25262385606765747
Bicepcurl,,,-0.42169731855392456,0.6358510255813599,-0.31808847188949585
Bicepcurl,,,-0.4101371765136719,0.6316349506378174,-0.39699727296829224
Bicepcurl,,,-0.38169270753860474,0.6379696130752563,-0.46180295944213867
Bicepcurl,,,-0.3570440411567688,0.6487840414047241,-0.4928198456764221
Bicepcurl,,,-0.3537416458129883,0.6572463512420654,-0.4858075976371765
Bicepcurl,,,-0.3779199719429016,0.6577236652374268,-0.4540136456489563
Bicepcurl,,,-0.4240923523902893,0.6485246419906616,-0.4219348430633545
Bicepcurl,,,-0.4818840026855469,0.631908655166626,-0.4119994044303894
Bicepcurl,,,-0.5409685373306274,0.6121506690979004,-0.4345862865447998
Bicepcurl,,,-0.5917081832885742,0.5927447080612183,-0.4833484888076782
Bicepcurl,,,-0.6229829788208008,0.575742244720459,-0.5414261221885681
Bicepcurl,,,-0.6279892921447754,0.5631077289581299,-0.5937842130661011
Bicepcurl,,,-0.6096152067184448,0.5569034814834595,-0.6317577362060547
Bicepcurl,,,-0.5774791240692139,0.5567690134048462,-0.6509329676628113
Bicepcurl,,,-0.5447924137115479,0.5588377714157104,-0.6503483057022095
Bicepcurl,,,-0.5259358882904053,0.5580400228500366,-0.6360888481140137
Bicepcurl,,,-0.5338142514228821,0.5508642196655273,-0.6204606294631958
Bicepcurl,,,-0.5719332098960876,0.5359241962432861,-0.6146541833877563
Bicepcurl,,,-0.6284478902816772,0.5128363370895386,-0.624163806438446
Bicepcurl,,,-0.6813703775405884,0.4848446846008301,-0.6528394222259521
Bicepcurl,,,-0.7108667492866516,0.45939409732818604,-0.7037739157676697
Bicepcurl,,,-0.7075742483139038,0.44603967666625977,-0.7718153595924377
Bicepcurl,,,-0.6741065979003906,0.445605993270874,-0.8392203450202942
Bicepcurl,,,-0.6248314380645752,0.4462878704071045,-0.8825480937957764
Bicepcurl,,,-0.5814528465270996,0.4395318031311035,-0.8884152173995972
Bicepcurl,,,-0.5644224882125854,0.42743802070617676,-0.8606427907943726
Bicepcurl,,,-0.5822901725769043,0.41668128967285156,-0.8138280510902405
Bicepcurl,,,-0.6257147789001465,0.4050852060317993,-0.7649893760681152
Bicepcurl,,,-0.6728320121765137,0.38446950912475586,-0.7284055948257446
Bicepcurl,,,-0.7029613256454468,0.35475456714630127,-0.7140167951583862
Bicepcurl,,,-0.7092655897140503,0.3219693899154663,-0.7257979512214661
Bicepcurl,,,-0.6968730688095093,0.2952646017074585,-0.7602540254592896
Bicepcurl,,,-0.67060387134552,0.27868592739105225,-0.8080742359161377
Bicepcurl,,,-0.6310862302780151,0.2651423215866089,-0.8539009094238281
Bicepcurl,,,-0.5812734365463257,0.24793481826782227,-0.8807024359703064
Bicepcurl,,,-0.5338494181632996,0.22762346267700195,-0.8788717985153198
Bicepcurl,,,-0.5078284740447998,0.21060001850128174,-0.8518182039260864
Bicepcurl,,,-0.5143752098083496,0.19759976863861084,-0.8149346709251404
Bicepcurl,,,-0.5479587912559509,0.18268585205078125,-0.7878464460372925
Bicepcurl,,,-0.5902074575424194,0.16398954391479492,-0.786098301410675
Bicepcurl,,,-0.6227679252624512,0.14412999153137207,-0.8137959241867065
Bicepcurl,,,-0.6382763385772705,0.12737798690795898,-0.8598961234092712
Bicepcurl,,,-0.6405065655708313,0.11638212203979492,-0.902519702911377
Bicepcurl,,,-0.6377253532409668,0.11149859428405762,-0.9209620952606201
Bicepcurl,,,-0.6356310844421387,0.11118721961975098,-0.9100034236907959
Bicepcurl,,,-0.6330639123916626,0.11220026016235352,-0.8858305215835571
Bicepcurl,,,-0.6247715950012207,0.11019504070281982,-0.8753856420516968
Bicepcurl,,,-0.6085195541381836,0.1016385555267334,-0.8939207196235657
Bicepcurl,,,-0.5902416706085205,0.08613348007202148,-0.9324867129325867
Bicepcurl,,,-0.5821961164474487,0.06775534152984619,-0.9662601947784424
Bicepcurl,,,-0.5938171744346619,0.053879737854003906,-0.9730422496795654
Bicepcurl,,,-0.6261870861053467,0.05006301403045654,-0.9454864263534546
Bicepcurl,,,-0.6709732413291931,0.054483652114868164,-0.89145427942276
Bicepcurl,,,-0.7120507955551147,0.05875122547149658,-0.8323184847831726
Bicepcurl,,,-0.7319884300231934,0.054874300956726074,-0.7961301803588867
Bicepcurl,,,-0.7188278436660767,0.04068756103515625,-0.8055659532546997
Bicepcurl,,,-0.6717285513877869,0.01978588104248047,-0.8653746247291565
Bicepcurl,,,-0.6039390563964844,-0.0017850995063781738,-0.9541342854499817
Bicepcurl,,,-0.5403857231140137,-0.018425464630126953,-1.0332847833633423
Bicepcurl,,,-0.5071576833724976,-0.027469635009765625,-1.0693472623825073
Bicepcurl,,,-0.5185033082962036,-0.029686272144317627,-1.053354024887085
Bicepcurl,,,-0.5703166723251343,-0.027691960334777832,-1.001994013786316
Bicepcurl,,,-0.6425704956054688,-0.02432239055633545,-0.9429656863212585
Bicepcurl,,,-0.7096313834190369,-0.02081817388534546,-0.9000351428985596
Bicepcurl,,,-0.7520836591720581,-0.01653999090194702,-0.8837558031082153
Bicepcurl,,,-0.7626825571060181,-0.011190712451934814,-0.8901366591453552
Bicepcurl,,,-0.7449041604995728,-0.0061779022216796875,-0.907774031162262
Bicepcurl,,,-0.7081886529922485,-0.002938568592071533,-0.9267885684967041
Bicepcurl,,,-0.6651676893234253,-0.0009464621543884277,-0.9410271048545837
Bicepcurl,,,-0.6292235851287842,0.0009984970092773438,-0.9467362761497498
Bicepcurl,,,-0.6100890636444092,0.0020803213119506836,-0.9418301582336426
Bicepcurl,,,-0.6101902723312378,-0.00014412403106689453,-0.9271349906921387
Bicepcurl,,,-0.623533308506012,-0.006666123867034912,-0.9075285792350769
Bicepcurl,,,-0.6398627758026123,-0.015298068523406982,-0.8894199728965759
Bicepcurl,,,-0.6506826877593994,-0.022570669651031494,-0.8784303069114685
Bicepcurl,,,-0.6517612934112549,-0.0269431471824646,-0.8772127628326416
Bicepcurl,,,-0.6438570022583008,-0.029430389404296875,-0.8847137689590454
Bicepcurl,,,-0.6314716339111328,-0.03142547607421875,-0.8981103897094727
Bicepcurl,,,-0.619917094707489,-0.033488452434539795,-0.9143287539482117
Bicepcurl,,,-0.6139039993286133,-0.03551745414733887,-0.9304327964782715
Bicepcurl,,,-0.6158063411712646,-0.03741753101348877,-0.9446960091590881
Bicepcurl,,,-0.6248560547828674,-0.03959918022155762,-0.9590080976486206
Bicepcurl,,,-0.6373944282531738,-0.04297548532485962,-0.9802015423774719
Bicepcurl,,,-0.6481424570083618,-0.0483364462852478,-1.0164638757705688
Bicepcurl,,,-0.6536706686019897,-0.05476045608520508,-1.0686904191970825
Bicepcurl,,,-0.6546677350997925,-0.05909860134124756,-1.1263246536254883
Bicepcurl,,,-0.656154990196228,-0.057308197021484375,-1.1702015399932861
Bicepcurl,,,-0.6638000011444092,-0.04661780595779419,-1.1804747581481934
Bicepcurl,,,-0.6790478825569153,-0.026656627655029297,-1.1484382152557373
Bicepcurl,,,-0.6991099119186401,0.00045049190521240234,-1.085486650466919
Bicepcurl,,,-0.7190861105918884,0.029816627502441406,-1.02080237865448
Bicepcurl,,,-0.7322315573692322,0.05504953861236572,-0.9838165640830994
Bicepcurl,,,-0.7308156490325928,0.07158350944519043,-0.9867047071456909
Bicepcurl,,,-0.7090584635734558,0.07912349700927734,-1.0209883451461792
Bicepcurl,,,-0.6679905652999878,0.08105838298797607,-1.0655654668807983
Bicepcurl,,,-0.6177582740783691,0.08223152160644531,-1.0981639623641968
Bicepcurl,,,-0.5738531947135925,0.08664345741271973,-1.1053602695465088
Bicepcurl,,,-0.5503010749816895,0.09517979621887207,-1.0866750478744507
Bicepcurl,,,-0.5528520345687866,0.10577285289764404,-1.0502402782440186
Bicepcurl,,,-0.5774325132369995,0.11619150638580322,-1.0063247680664062
Bicepcurl,,,-0.6137762069702148,0.12618780136108398,-0.96375572681427
Bicepcurl,,,-0.6504033803939819,0.13676941394805908,-0.9280548691749573
Bicepcurl,,,-0.6779119968414307,0.14821350574493408,-0.9015480279922485
Bicepcurl,,,-0.6900191307067871,0.1595447063446045,-0.8863682150840759
Bicepcurl,,,-0.6831343770027161,0.16883480548858643,-0.8848121762275696
Bicepcurl,,,-0.6574363708496094,0.17406296730041504,-0.8951488733291626
Bicepcurl,,,-0.6194059252738953,0.17540597915649414,-0.9095630049705505
Bicepcurl,,,-0.581779956817627,0.17597663402557373,-0.9174264669418335
Bicepcurl,,,-0.5585925579071045,0.17874574661254883,-0.9113452434539795
Bicepcurl,,,-0.5553102493286133,0.18396985530853271,-0.8908920288085938
Bicepcurl,,,-0.5652387142181396,0.1897261142730713,-0.8620626330375671
Bicepcurl,,,-0.5750199556350708,0.19478225708007812,-0.8355434536933899
Bicepcurl,,,-0.5728771686553955,0.1993802785873413,-0.8221320509910583
Bicepcurl,,,-0.5543427467346191,0.2041085958480835,-0.8271719217300415
Bicepcurl,,,-0.5224059224128723,0.2096846103668213,-0.845817506313324
Bicepcurl,,,-0.486700177192688,0.21696364879608154,-0.8638342022895813
Bicepcurl,,,-0.4608262777328491,0.22698724269866943,-0.8682936429977417
Bicepcurl,,,-0.45673346519470215,0.24104857444763184,-0.8562930226325989
Bicepcurl,,,-0.47863900661468506,0.26027965545654297,-0.8346187472343445
Bicepcurl,,,-0.5196359753608704,0.28392982482910156,-0.8128674030303955
Bicepcurl,,,-0.5639928579330444,0.3093379735946655,-0.7947567701339722
Bicepcurl,,,-0.5950769186019897,0.33416664600372314,-0.7778129577636719
Bicepcurl,,,-0.6045581102371216,0.3590904474258423,-0.7598894834518433
Bicepcurl,,,-0.593765377998352,0.3862597942352295,-0.7438951730728149
Bicepcurl,,,-0.5689386129379272,0.41660189628601074,-0.7348589897155762
Bicepcurl,,,-0.5367110967636108,0.44847381114959717,-0.7315678596496582
Bicepcurl,,,-0.5038236379623413,0.47905898094177246,-0.7282209396362305
Bicepcurl,,,-0.4770492911338806,0.5060538053512573,-0.7208573818206787
Bicepcurl,,,-0.46058762073516846,0.5272849798202515,-0.7100581526756287
Bicepcurl,,,-0.4562670588493347,0.5427365303039551,-0.6973211765289307
Bicepcurl,,,-0.46321195363998413,0.5542827844619751,-0.6808840036392212
Bicepcurl,,,-0.47671031951904297,0.5639525651931763,-0.6578165292739868
Bicepcurl,,,-0.4887694716453552,0.5733842849731445,-0.6259305477142334
Bicepcurl,,,-0.49227261543273926,0.5839111804962158,-0.586996853351593
Bicepcurl,,,-0.4855085611343384,0.5955711603164673,-0.5466561317443848
Bicepcurl,,,-0.4709036350250244,0.60597825050354,-0.5131316781044006
Bicepcurl,,,-0.45174336433410645,0.612159252166748,-0.49466103315353394
Bicepcurl,,,-0.4301249384880066,0.6146988868713379,-0.4925164580345154
Bicepcurl,,,-0.40722715854644775,0.6171844005584717,-0.500049352645874
Bicepcurl,,,-0.38515013456344604,0.6224324703216553,-0.5066474676132202
Bicepcurl,,,-0.3667535185813904,0.6305299997329712,-0.5048131346702576
Bicepcurl,,,-0.35444098711013794,0.6390992403030396,-0.4928615093231201
Bicepcurl,,,-0.34851062297821045,0.6463871002197266,-0.4707045555114746
Bicepcurl,,,-0.3473470211029053,0.6532027721405029,-0.4400904178619385
Bicepcurl,,,-0.3501197099685669,0.6614737510681152,-0.4056496024131775
Bicepcurl,,,-0.3556022644042969,0.6718920469284058,-0.3740808963775635
Bicepcurl,,,-0.3599427342414856,0.6834449768066406,-0.35072261095046997
Bicepcurl,,,-0.35907381772994995,0.6948150396347046,-0.33691108226776123
Bicepcurl,,,-0.35312414169311523,0.7057957649230957,-0.3300471305847168
Bicepcurl,,,-0.3461093306541443,0.7168960571289062,-0.32450276613235474
Bicepcurl,,,-0.3408365845680237,0.7286680936813354,-0.3146010637283325
Bicepcurl,,,-0.3364648222923279,0.741111159324646,-0.2959805727005005
Bicepcurl,,,-0.3311891555786133,0.7535675764083862,-0.26739805936813354
Bicepcurl,,,-0.3254733681678772,0.7654387950897217,-0.230582594871521
Bicepcurl,,,-0.3201979398727417,0.7761614322662354,-0.18828672170639038
Bicepcurl,,,-0.31424909830093384,0.7850483655929565,-0.14273756742477417
Bicepcurl,,,-0.30578869581222534,0.7913645505905151,-0.09417963027954102
Bicepcurl,,,-0.29450923204421997,0.7944315671920776,-0.04308724403381348
Bicepcurl,,,-0.2790790796279907,0.793671727180481,0.008271217346191406
Bicepcurl,,,-0.25227266550064087,0.7883450984954834,0.05540359020233154
Bicepcurl,,,-0.20343482494354248,0.7786918878555298,0.09268760681152344
Bicepcurl,,,-0.12893307209014893,0.7670660018920898,0.1163933277130127
Bicepcurl,,,-0.040157437324523926,0.7566676139831543,0.1268216371536255
Bicepcurl,,,0.041557908058166504,0.7494493722915649,0.1290796995162964
Bicepcurl,,,0.09614181518554688,0.7447627782821655,0.13079571723937988
Bicepcurl,,,0.11226272583007812,0.7400050163269043,0.13806700706481934
Bicepcurl,,,0.08883655071258545,0.7330622673034668,0.1512622833251953
Bicepcurl,,,0.03186500072479248,0.7239279747009277,0.16490864753723145
Bicepcurl,,,-0.04811912775039673,0.7149996757507324,0.17245268821716309
Bicepcurl,,,-0.13759225606918335,0.7095704078674316,0.1697835922241211
Bicepcurl,,,-0.2213582992553711,0.7102406024932861,0.15526413917541504
Bicepcurl,,,-0.2844957709312439,0.7181973457336426,0.12879455089569092
Bicepcurl,,,-0.3185100555419922,0.7322947978973389,0.09235918521881104
Bicepcurl,,,-0.32667553424835205,0.7498186826705933,0.05018734931945801
Bicepcurl,,,-0.3219735026359558,0.768237829208374,0.006680607795715332
Bicepcurl,,,-0.3191623091697693,0.7860512733459473,-0.0362129807472229
Bicepcurl,,,-0.3270033597946167,0.8022732734680176,-0.0771377682685852
Bicepcurl,,,-0.3461400270462036,0.8159373998641968,-0.11184167861938477
Bicepcurl,,,-0.3718551993370056,0.8260078430175781,-0.1336669921875
Bicepcurl,,,-0.39576876163482666,0.8314832448959351,-0.13781768083572388
Bicepcurl,,,-0.4081513285636902,0.8312363624572754,-0.126498281955719
Bicepcurl,,,-0.4029245972633362,0.8241055011749268,-0.10793685913085938
Bicepcurl,,,-0.38136738538742065,0.8096878528594971,-0.09270405769348145
Bicepcurl,,,-0.3529074788093567,0.7885189056396484,-0.09025251865386963
Bicepcurl,,,-0.33079344034194946,0.7630010843276978,-0.10547888278961182
Bicepcurl,,,-0.32385414838790894,0.7373719215393066,-0.13639819622039795
Bicepcurl,,,-0.33203136920928955,0.7164391279220581,-0.17461812496185303
Bicepcurl,,,-0.3481701612472534,0.7028838396072388,-0.21043944358825684
Bicepcurl,,,-0.36383622884750366,0.695608377456665,-0.23770320415496826
Bicepcurl,,,-0.37452101707458496,0.6915918588638306,-0.25574010610580444
Bicepcurl,,,-0.3812837600708008,0.6869571208953857,-0.2674228549003601
Bicepcurl,,,-0.3904270529747009,0.6797021627426147,-0.2771632671356201
Bicepcurl,,,-0.4086158275604248,0.6708287000656128,-0.2891692519187927
Bicepcurl,,,-0.436515212059021,0.6630488634109497,-0.3059632182121277
Bicepcurl,,,-0.4667837619781494,0.6584399938583374,-0.3290766477584839
Bicepcurl,,,-0.48915278911590576,0.6558839082717896,-0.36046552658081055
Bicepcurl,,,-0.4977625608444214,0.6533271074295044,-0.4014246463775635
Bicepcurl,,,-0.49290770292282104,0.6496326923370361,-0.44814276695251465
Bicepcurl,,,-0.47949719429016113,0.6443318128585815,-0.49206483364105225
Bicepcurl,,,-0.46476244926452637,0.637470006942749,-0.5245727300643921
Bicepcurl,,,-0.45568156242370605,0.6289222240447998,-0.5430397987365723
Bicepcurl,,,-0.45866674184799194,0.6184835433959961,-0.5525946617126465
Bicepcurl,,,-0.47780710458755493,0.6063781976699829,-0.560093104839325
Bicepcurl,,,-0.5133169889450073,0.5930923223495483,-0.5692031383514404
Bicepcurl,,,-0.5600695610046387,0.5796219110488892,-0.5784294605255127
Bicepcurl,,,-0.6068223714828491,0.5669094324111938,-0.5828771591186523
Bicepcurl,,,-0.640934944152832,0.5552290678024292,-0.5791546106338501
Bicepcurl,,,-0.6518241167068481,0.5443751811981201,-0.5683693885803223
Bicepcurl,,,-0.6353626251220703,0.533125638961792,-0.55792635679245
Bicepcurl,,,-0.5986056923866272,0.5200178623199463,-0.5583693981170654
Bicepcurl,,,-0.5577331781387329,0.5038013458251953,-0.5778800249099731
Bicepcurl,,,-0.5302457809448242,0.48451530933380127,-0.6197134256362915
Bicepcurl,,,-0.5260828137397766,0.46344780921936035,-0.6800205707550049
Bicepcurl,,,-0.5436795949935913,0.4449775218963623,-0.7488868832588196
Bicepcurl,,,-0.572792649269104,0.4303302764892578,-0.8125843405723572
Bicepcurl,,,-0.6000370383262634,0.41419410705566406,-0.8567889928817749
Bicepcurl,,,-0.6151893138885498,0.3957637548446655,-0.8716883659362793
Bicepcurl,,,-0.6168624758720398,0.3811521530151367,-0.8575525283813477
Bicepcurl,,,-0.6141098737716675,0.376922607421875,-0.827028751373291
Bicepcurl,,,-0.6202664375305176,0.37880825996398926,-0.7974916696548462
