label,timestamp1,timestamp2,x_out,y_out,z_out
Chest press,2049782,2049783,193.73,617.8,862.18
Chest press,2049792,2049793,187.13,614.5,865.97
Chest press,2049802,2049803,183.23,601.56,865.84
Chest press,2049812,2049813,182.98,577.15,863.04
Chest press,2049822,2049822,180.91,553.22,858.64
Chest press,2049832,2049833,180.91,534.67,854.37
Chest press,2049841,2049842,190.43,518.68,858.03
Chest press,2049851,2049852,195.07,504.39,870.48
Chest press,2049861,2049862,188.11,488.77,883.67
Chest press,2049871,2049872,172.24,470.34,885.74
Chest press,2049881,2049881,157.47,451.9,874.63
Chest press,2049890,2049891,152.34,436.52,857.3
Chest press,2049900,2049901,152.1,426.03,839.84
Chest press,2049910,2049911,153.08,419.56,824.58
Chest press,2049920,2049921,147.46,413.45,814.09
Chest press,2049930,2049931,140.14,412.48,813.6
Chest press,2049939,2049940,140.01,415.41,822.02
Chest press,2049949,2049950,144.65,416.38,832.28
Chest press,2049959,2049960,145.75,420.17,840.94
Chest press,2049969,2049970,136.96,422.0,854.25
Chest press,2049979,2049980,129.39,418.33,869.75
Chest press,2049989,2049990,132.69,414.92,875.98
Chest press,2049999,2049999,143.92,408.33,874.27
Chest press,2050009,2050010,154.91,399.66,870.85
Chest press,2050018,2050019,160.4,394.04,870.97
Chest press,2050028,2050029,158.33,388.92,878.17
Chest press,2050038,2050039,151.98,384.52,882.81
Chest press,2050048,2050049,150.02,380.98,876.59
Chest press,2050058,2050059,152.83,379.39,864.01
Chest press,2050067,2050068,153.2,379.88,853.39
Chest press,2050077,2050078,142.58,378.78,853.64
Chest press,2050087,2050088,118.41,370.12,867.19
Chest press,2050097,2050098,99.73,359.13,883.67
Chest press,2050107,2050108,102.05,355.96,895.02
Chest press,2050117,2050118,120.0,361.45,900.39
Chest press,2050126,2050127,145.75,374.51,898.8
Chest press,2050136,2050137,168.09,390.26,894.78
Chest press,2050146,2050147,180.3,407.84,894.78
Chest press,2050156,2050157,184.33,423.58,902.71
Chest press,2050166,2050167,176.15,438.6,914.31
Chest press,2050176,2050177,145.02,456.67,920.65
Chest press,2050185,2050186,110.35,472.78,918.7
Chest press,2050195,2050196,102.17,490.84,910.52
Chest press,2050205,2050206,118.53,513.43,892.7
Chest press,2050215,2050216,146.36,535.89,861.45
Chest press,2050225,2050226,178.83,555.66,821.17
Chest press,2050235,2050236,212.77,570.68,784.18
Chest press,2050245,2050245,239.75,576.9,764.4
Chest press,2050255,2050255,236.21,570.31,769.78
Chest press,2050264,2050265,187.74,546.39,798.1
Chest press,2050274,2050275,104.98,509.16,842.29
Chest press,2050284,2050285,16.6,473.39,882.69
Chest press,2050294,2050295,-32.59,442.75,898.44
Chest press,2050303,2050304,-26.12,421.02,892.09
Chest press,2050313,2050314,18.31,418.95,876.59
Chest press,2050323,2050324,81.18,433.35,860.96
Chest press,2050333,2050334,143.19,452.51,851.68
Chest press,2050343,2050344,189.7,466.92,854.86
Chest press,2050353,2050354,209.47,471.56,869.51
Chest press,2050362,2050363,193.12,462.89,897.58
Chest press,2050373,2050373,156.86,442.02,933.23
Chest press,2050382,2050383,136.23,423.46,964.11
Chest press,2050392,2050393,122.44,415.53,987.3
Chest press,2050402,2050403,106.45,409.42,993.16
Chest press,2050412,2050413,127.08,405.03,977.66
Chest press,2050422,2050423,174.93,409.06,952.27
Chest press,2050431,2050432,193.48,413.21,934.45
Chest press,2050441,2050442,179.08,407.96,929.81
Chest press,2050451,2050452,155.4,401.12,926.64
Chest press,2050461,2050462,125.49,398.68,922.85
Chest press,2050471,2050472,86.06,393.8,924.56
Chest press,2050481,2050482,48.58,389.89,933.47
Chest press,2050491,2050491,3.42,377.2,960.57
Chest press,2050500,2050501,-61.65,336.18,992.07
Chest press,2050510,2050511,-108.52,291.5,1003.05
Chest press,2050520,2050521,-117.68,267.21,1001.34
Chest press,2050530,2050531,-111.94,259.03,996.7
Chest press,2050540,2050541,-92.65,256.96,993.16
Chest press,2050549,2050550,-73.0,248.05,995.61
Chest press,2050559,2050560,-70.43,236.08,1009.77
Chest press,2050569,2050570,-73.0,227.91,1026.37
Chest press,2050579,2050580,-65.06,224.61,1028.56
Chest press,2050589,2050590,-49.93,218.99,1023.56
Chest press,2050599,2050600,-37.6,204.35,1019.53
Chest press,2050608,2050609,-24.54,187.38,1012.21
Chest press,2050618,2050619,-18.55,168.09,994.75
Chest press,2050628,2050629,-24.54,153.56,973.63
Chest press,2050638,2050639,-31.37,138.31,967.16
Chest press,2050648,2050649,-37.23,115.84,975.22
Chest press,2050658,2050659,-51.03,103.64,981.93
Chest press,2050668,2050669,-54.57,99.49,975.95
Chest press,2050677,2050678,-40.04,95.83,959.84
Chest press,2050687,2050688,-1.59,100.95,950.56
Chest press,2050697,2050698,48.83,114.38,946.53
Chest press,2050707,2050708,80.44,122.68,935.91
Chest press,2050717,2050718,100.34,118.9,924.44
Chest press,2050727,2050728,117.8,106.08,924.32
Chest press,2050736,2050737,124.63,82.03,938.72
Chest press,2050746,2050747,104.61,55.54,954.83
Chest press,2050756,2050757,78.37,42.6,962.52
Chest press,2050766,2050767,74.34,40.65,965.94
Chest press,2050776,2050777,99.0,46.88,965.58
Chest press,2050785,2050786,128.91,59.45,962.28
Chest press,2050795,2050796,149.29,70.43,959.72
Chest press,2050805,2050806,198.49,77.03,936.4
Chest press,2050815,2050816,227.91,78.86,900.63
Chest press,2050825,2050826,203.0,72.51,872.8
Chest press,2050835,2050836,154.79,57.98,875.12
Chest press,2050845,2050846,40.77,25.51,926.76
Chest press,2050854,2050855,-36.25,-18.19,969.24
Chest press,2050864,2050865,22.46,-44.56,946.04
Chest press,2050874,2050875,174.68,-45.78,878.78
Chest press,2050884,2050885,292.97,-56.88,846.92
Chest press,2050894,2050895,244.26,-156.74,920.9
Chest press,2050903,2050904,86.79,-321.04,1052.37
Chest press,2050913,2050914,-192.26,-462.77,1095.21
Chest press,2050923,2050924,-435.42,-557.62,1000.85
Chest press,2050933,2050934,-442.02,-588.13,865.48
Chest press,2050943,2050944,-331.91,-536.13,784.42
Chest press,2050953,2050954,-171.87,-438.35,815.92
Chest press,2050963,2050964,68.48,-343.87,914.55
Chest press,2050972,2050973,332.03,-247.19,992.31
Chest press,2050982,2050983,473.51,-158.57,1049.07
Chest press,2050992,2050993,492.31,-111.82,1076.78
Chest press,2051002,2051003,481.08,-110.11,1068.12
Chest press,2051012,2051013,444.09,-129.03,1039.55
Chest press,2051021,2051022,385.74,-136.11,1014.16
Chest press,2051032,2051033,328.12,-124.63,1016.72
Chest press,2051042,2051042,266.11,-130.37,1037.6
Chest press,2051051,2051052,236.08,-162.72,1054.08
Chest press,2051061,2051062,225.59,-178.47,1069.46
Chest press,2051071,2051072,177.86,-167.11,1091.55
Chest press,2051081,2051082,128.3,-151.73,1105.71
Chest press,2051091,2051092,135.74,-139.53,1097.66
Chest press,2051100,2051101,174.19,-134.4,1081.67
Chest press,2051110,2051111,179.69,-128.17,1072.39
Chest press,2051120,2051121,147.58,-110.35,1075.07
Chest press,2051130,2051131,106.45,-86.06,1090.82
Chest press,2051140,2051141,74.46,-65.31,1116.7
Chest press,2051149,2051150,40.65,-68.12,1129.27
Chest press,2051159,2051160,7.69,-92.41,1117.31
Chest press,2051169,2051170,-14.4,-109.74,1089.6
Chest press,2051179,2051180,-26.86,-117.68,1044.43
Chest press,2051189,2051190,3.42,-124.63,999.15
Chest press,2051199,2051200,78.74,-112.67,963.99
Chest press,2051209,2051210,141.72,-92.29,956.3
Chest press,2051218,2051219,161.13,-105.59,984.37
Chest press,2051228,2051229,143.43,-140.01,1026.61
Chest press,2051238,2051239,102.05,-176.39,1056.52
Chest press,2051248,2051249,53.1,-228.15,1051.76
Chest press,2051258,2051259,-7.57,-293.09,1010.99
Chest press,2051268,2051269,-67.99,-344.48,954.35
Chest press,2051277,2051278,-87.89,-360.35,914.31
Chest press,2051287,2051288,-96.8,-363.28,931.76
Chest press,2051297,2051298,-156.01,-376.34,997.92
Chest press,2051307,2051308,-222.78,-403.69,1061.52
Chest press,2051317,2051318,-221.92,-444.7,1104.13
Chest press,2051327,2051328,-177.61,-481.81,1118.9
Chest press,2051336,2051337,-102.91,-501.83,1103.64
Chest press,2051346,2051347,-7.57,-451.66,1078.13
Chest press,2051356,2051357,65.67,-333.01,1064.33
Chest press,2051366,2051367,97.66,-248.05,1061.89
Chest press,2051376,2051377,62.74,-215.45,1079.35
Chest press,2051386,2051387,-11.11,-212.28,1109.5
Chest press,2051396,2051397,-62.01,-209.84,1139.04
Chest press,2051405,2051406,-56.64,-166.26,1158.2
Chest press,2051415,2051416,21.48,-89.36,1152.22
Chest press,2051425,2051426,107.67,16.72,1126.22
Chest press,2051435,2051436,133.06,121.22,1079.1
Chest press,2051445,2051446,120.73,152.59,1027.22
Chest press,2051455,2051456,82.89,142.82,993.16
Chest press,2051464,2051465,31.01,150.15,973.39
Chest press,2051474,2051475,13.06,160.03,950.32
Chest press,2051484,2051485,22.95,182.37,928.47
Chest press,2051494,2051495,23.19,202.15,908.08
Chest press,2051504,2051505,23.19,198.12,869.75
Chest press,2051513,2051514,31.13,208.25,832.52
Chest press,2051523,2051524,28.2,247.07,800.9
Chest press,2051533,2051534,11.96,279.17,766.85
Chest press,2051543,2051544,6.59,287.23,760.25
Chest press,2051553,2051554,1.46,277.59,772.58
Chest press,2051563,2051563,-23.07,257.2,791.5
Chest press,2051572,2051573,-47.49,238.65,822.02
Chest press,2051582,2051583,-46.63,234.99,847.29
Chest press,2051592,2051593,-30.88,242.92,843.99
Chest press,2051602,2051603,-24.78,249.39,811.28
Chest press,2051612,2051613,-28.81,268.8,780.27
Chest press,2051622,2051623,-60.79,299.93,785.77
Chest press,2051632,2051633,-135.99,316.28,825.2
Chest press,2051641,2051642,-202.15,311.77,876.22
Chest press,2051651,2051652,-214.11,294.92,914.55
Chest press,2051661,2051662,-187.62,278.32,914.92
Chest press,2051671,2051672,-143.19,277.22,889.28
Chest press,2051681,2051682,-88.13,295.78,877.2
Chest press,2051690,2051691,-35.52,323.49,890.26
Chest press,2051700,2051701,-4.03,350.71,918.09
Chest press,2051710,2051711,-21.12,365.72,957.28
Chest press,2051720,2051721,-81.42,361.57,985.35
Chest press,2051730,2051731,-120.12,340.33,983.4
Chest press,2051740,2051741,-123.41,306.03,967.65
Chest press,2051750,2051751,-125.37,275.88,949.46
Chest press,2051759,2051760,-124.15,260.01,933.59
Chest press,2051769,2051770,-126.1,249.51,929.81
Chest press,2051779,2051780,-132.2,244.02,940.19
Chest press,2051789,2051790,-115.84,242.31,963.62
Chest press,2051799,2051800,-84.23,242.19,989.62
Chest press,2051809,2051810,-59.69,243.77,1002.44
Chest press,2051818,2051819,-33.57,245.0,999.15
Chest press,2051828,2051829,-16.36,243.04,978.03
Chest press,2051838,2051839,-13.55,231.93,955.81
Chest press,2051848,2051849,-29.42,211.3,955.69
Chest press,2051858,2051859,-85.69,180.66,969.73
Chest press,2051868,2051869,-156.74,143.68,983.28
Chest press,2051878,2051879,-203.49,114.62,992.07
Chest press,2051887,2051888,-214.84,119.75,1001.1
Chest press,2051897,2051898,-199.22,152.83,1015.75
Chest press,2051907,2051908,-186.77,179.57,1052.12
Chest press,2051917,2051918,-169.56,203.86,1084.11
Chest press,2051927,2051927,-84.35,253.3,1091.31
Chest press,2051937,2051938,-19.65,288.57,1101.68
Chest press,2051946,2051947,-32.47,292.36,1109.5
Chest press,2051956,2051957,-26.25,320.8,1094.85
Chest press,2051966,2051967,-13.18,372.07,1062.13
Chest press,2051976,2051977,-44.07,418.09,1023.68
Chest press,2051986,2051986,-82.15,446.41,994.02
Chest press,2051996,2051997,-100.83,454.1,985.47
Chest press,2052005,2052006,-109.74,474.24,994.02
Chest press,2052015,2052016,-88.99,505.74,996.22
Chest press,2052025,2052026,-48.34,525.76,981.81
Chest press,2052035,2052036,-29.79,537.23,953.61
Chest press,2052045,2052045,-28.81,507.81,915.89
Chest press,2052054,2052055,-17.21,454.47,904.54
Chest press,2052065,2052065,-38.45,444.82,909.79
Chest press,2052074,2052075,-76.9,428.22,905.88
Chest press,2052084,2052085,-83.86,372.68,900.15
Chest press,2052094,2052095,-68.36,347.41,893.07
Chest press,2052104,2052105,-30.88,354.86,892.21
Chest press,2052114,2052115,18.19,369.14,896.0
Chest press,2052123,2052124,74.83,375.85,900.88
Chest press,2052133,2052134,115.72,367.55,910.16
Chest press,2052143,2052144,124.76,351.93,928.96
Chest press,2052153,2052154,107.79,333.25,951.42
Chest press,2052163,2052164,75.93,323.24,972.9
Chest press,2052173,2052174,53.34,318.48,988.89
Chest press,2052182,2052183,39.55,311.04,997.56
Chest press,2052192,2052193,7.69,306.03,1006.47
Chest press,2052202,2052203,-18.55,307.25,1017.58
Chest press,2052212,2052213,-10.5,322.51,1022.83
Chest press,2052222,2052223,8.18,352.17,1021.48
Chest press,2052231,2052232,17.7,390.99,1022.09
Chest press,2052241,2052242,18.07,433.11,1021.85
Chest press,2052251,2052252,9.03,461.3,1019.9
Chest press,2052261,2052262,-22.58,473.75,1018.19
Chest press,2052271,2052272,-74.46,481.81,1018.19
Chest press,2052281,2052282,-116.21,477.05,1023.19
Chest press,2052290,2052291,-127.44,458.74,1026.73
Chest press,2052300,2052301,-116.09,442.99,1017.7
Chest press,2052310,2052311,-79.83,435.55,999.51
Chest press,2052320,2052321,-25.39,441.16,975.71
Chest press,2052330,2052331,22.46,459.72,947.27
Chest press,2052340,2052341,40.89,475.46,927.12
Chest press,2052350,2052351,17.21,475.34,922.49
Chest press,2052360,2052360,-31.13,459.96,928.34
Chest press,2052369,2052370,-62.87,437.26,944.34
Chest press,2052379,2052380,-64.45,420.65,963.01
Chest press,2052389,2052390,-69.21,410.28,980.71
Chest press,2052399,2052400,-77.88,414.18,991.7
Chest press,2052409,2052410,-63.96,416.14,986.21
Chest press,2052419,2052420,-53.59,404.42,972.53
Chest press,2052428,2052429,-67.99,392.82,951.9
Chest press,2052438,2052439,-77.27,386.6,928.1
Chest press,2052448,2052449,-74.83,396.48,907.59
Chest press,2052458,2052459,-66.65,403.2,900.63
Chest press,2052468,2052469,-59.69,395.75,916.63
Chest press,2052478,2052479,-68.24,380.49,935.91
Chest press,2052487,2052488,-72.88,367.68,945.92
Chest press,2052497,2052498,-54.93,367.8,951.29
Chest press,2052507,2052508,-30.4,380.13,953.25
Chest press,2052517,2052518,-12.21,392.7,952.76
Chest press,2052527,2052528,-8.79,389.65,951.17
Chest press,2052537,2052538,-22.09,362.92,937.74
Chest press,2052546,2052547,-31.01,313.6,916.26
Chest press,2052556,2052557,-39.06,269.65,917.85
Chest press,2052566,2052567,-67.87,245.61,938.35
Chest press,2052576,2052577,-101.44,227.17,948.61
Chest press,2052586,2052587,-112.67,213.13,951.54
Chest press,2052596,2052597,-119.51,206.05,961.67
Chest press,2052605,2052606,-139.53,192.87,976.81
Chest press,2052615,2052616,-153.08,163.82,991.58
Chest press,2052625,2052626,-160.89,136.23,1001.83
Chest press,2052635,2052636,-167.97,117.31,1005.62
Chest press,2052645,2052646,-151.73,100.59,1011.72
Chest press,2052655,2052656,-109.13,87.52,1014.65
Chest press,2052665,2052665,-74.46,76.66,1003.3
Chest press,2052674,2052675,-69.95,59.45,989.5
Chest press,2052684,2052685,-65.43,38.7,984.62
Chest press,2052694,2052695,-52.86,24.05,990.36
Chest press,2052704,2052705,-61.16,16.24,1000.24
Chest press,2052714,2052715,-84.72,10.25,1008.18
Chest press,2052723,2052724,-94.97,5.25,1021.12
Chest press,2052733,2052734,-89.48,6.59,1026.61
Chest press,2052743,2052744,-92.53,9.4,1017.33
Chest press,2052753,2052754,-106.81,2.32,1009.16
Chest press,2052763,2052764,-113.89,-13.55,1004.03
Chest press,2052773,2052774,-119.51,-15.26,1001.59
Chest press,2052782,2052783,-129.03,-2.56,1002.44
Chest press,2052792,2052793,-121.58,2.32,999.27
Chest press,2052802,2052803,-84.47,-0.61,975.34
Chest press,2052812,2052813,-29.3,-1.46,943.48
Chest press,2052822,2052823,14.28,1.34,925.17
Chest press,2052832,2052833,33.69,-5.86,924.8
Chest press,2052842,2052843,40.16,-20.63,939.09
Chest press,2052851,2052852,33.08,-28.32,940.55
Chest press,2052861,2052862,11.35,-31.98,931.88
Chest press,2052871,2052872,-8.79,-34.06,929.2
Chest press,2052881,2052882,-2.56,-38.33,929.69
Chest press,2052891,2052892,8.54,-57.62,931.88
Chest press,2052901,2052901,23.32,-80.44,937.87
Chest press,2052910,2052911,51.39,-90.94,939.21
Chest press,2052920,2052921,67.14,-105.96,932.98
Chest press,2052930,2052931,97.9,-121.83,926.88
Chest press,2052940,2052941,152.71,-129.76,912.48
Chest press,2052950,2052951,220.95,-131.35,889.53
Chest press,2052960,2052961,272.09,-140.38,869.38
Chest press,2052969,2052970,262.21,-172.61,862.43
Chest press,2052979,2052980,205.57,-203.49,882.69
Chest press,2052989,2052990,147.22,-226.68,923.95
Chest press,2052999,2053000,125.0,-257.32,976.2
Chest press,2053009,2053010,68.73,-305.66,1013.06
Chest press,2053019,2053020,12.08,-388.31,981.32
Chest press,2053029,2053030,75.93,-468.38,868.16
Chest press,2053038,2053039,130.0,-490.11,714.36
Chest press,2053048,2053049,99.12,-467.29,616.46
Chest press,2053058,2053059,-19.04,-395.51,715.21
Chest press,2053068,2053069,-257.69,-290.89,975.1
Chest press,2053078,2053079,-474.85,-252.93,1196.9
Chest press,2053087,2053088,-534.42,-296.26,1283.57
Chest press,2053097,2053098,-379.52,-336.91,1245.24
Chest press,2053107,2053108,-68.12,-338.62,1143.8
Chest press,2053117,2053118,229.0,-312.87,1063.35
Chest press,2053127,2053128,406.62,-284.67,1039.92
Chest press,2053137,2053138,475.95,-270.63,1052.12
Chest press,2053147,2053147,463.01,-239.62,1088.13
Chest press,2053156,2053157,361.21,-197.14,1132.08
Chest press,2053166,2053167,222.05,-178.34,1165.77
Chest press,2053176,2053177,104.74,-169.92,1179.32
Chest press,2053186,2053187,17.58,-159.79,1172.36
Chest press,2053196,2053197,-26.12,-152.71,1149.78
Chest press,2053206,2053207,-13.79,-148.93,1106.45
Chest press,2053215,2053216,46.88,-144.65,1043.21
Chest press,2053225,2053226,107.67,-134.16,987.18
Chest press,2053235,2053236,119.63,-121.22,955.93
Chest press,2053245,2053246,90.7,-107.06,948.0
Chest press,2053254,2053255,21.61,-93.51,954.47
Chest press,2053264,2053265,-61.65,-91.67,959.11
Chest press,2053274,2053275,-116.21,-90.09,963.38
Chest press,2053284,2053285,-140.99,-73.49,972.17
Chest press,2053294,2053295,-141.24,-65.55,978.52
Chest press,2053304,2053305,-132.08,-79.35,970.46
Chest press,2053313,2053314,-109.37,-95.58,958.62
Chest press,2053323,2053324,-65.55,-111.08,952.88
Chest press,2053333,2053334,-28.81,-126.1,956.67
Chest press,2053343,2053344,-5.98,-137.45,975.83
Chest press,2053353,2053354,8.18,-153.08,994.87
Chest press,2053363,2053364,10.74,-176.27,1010.25
Chest press,2053373,2053374,17.82,-206.91,1022.46
Chest press,2053383,2053383,31.13,-244.26,1017.58
Chest press,2053392,2053393,37.72,-288.7,987.43
Chest press,2053402,2053403,41.26,-337.89,929.08
Chest press,2053412,2053413,45.78,-378.66,862.92
Chest press,2053422,2053423,52.73,-402.59,820.07
Chest press,2053432,2053433,58.35,-407.35,823.12
Chest press,2053442,2053442,37.96,-389.77,870.48
Chest press,2053451,2053452,-13.31,-369.02,931.88
Chest press,2053461,2053462,-67.75,-350.95,996.34
Chest press,2053471,2053472,-97.53,-334.47,1052.86
Chest press,2053481,2053482,-92.29,-332.52,1086.91
Chest press,2053491,2053492,-77.03,-335.08,1109.13
Chest press,2053500,2053501,-56.52,-337.65,1103.03
Chest press,2053510,2053511,9.89,-323.36,1060.42
Chest press,2053520,2053521,98.27,-265.01,1013.79
Chest press,2053530,2053531,154.66,-185.18,989.5
Chest press,2053540,2053541,170.53,-123.9,987.67
Chest press,2053550,2053551,137.45,-102.78,996.83
Chest press,2053560,2053561,62.13,-121.95,1024.17
Chest press,2053569,2053570,-14.77,-160.4,1068.85
Chest press,2053579,2053580,-68.85,-198.36,1114.62
Chest press,2053589,2053590,-100.46,-222.29,1136.72
Chest press,2053599,2053600,-96.31,-206.67,1124.15
Chest press,2053609,2053610,-80.2,-157.23,1081.05
Chest press,2053619,2053620,-53.47,-109.5,1012.08
Chest press,2053629,2053630,0.73,-57.74,933.47
Chest press,2053638,2053639,25.88,-2.56,880.62
Chest press,2053648,2053649,5.62,30.88,874.27
Chest press,2053658,2053659,-14.77,43.21,906.62
Chest press,2053668,2053669,-11.35,43.58,963.5
Chest press,2053677,2053678,1.46,45.17,1014.53
Chest press,2053688,2053689,20.14,54.57,1037.84
Chest press,2053697,2053698,61.04,74.83,1032.47
Chest press,2053707,2053708,105.22,127.56,1013.79
Chest press,2053717,2053718,119.26,190.31,977.78
Chest press,2053727,2053728,123.54,225.34,940.06
Chest press,2053737,2053738,108.52,240.48,923.46
Chest press,2053746,2053747,45.17,264.53,925.05
Chest press,2053756,2053757,-48.71,294.68,931.27
Chest press,2053766,2053767,-135.01,294.07,923.46
Chest press,2053776,2053777,-172.36,273.68,909.91
Chest press,2053786,2053787,-152.83,266.72,902.22
Chest press,2053796,2053797,-93.99,274.54,911.99
Chest press,2053805,2053806,-26.73,292.6,928.71
Chest press,2053815,2053816,53.1,315.67,917.48
Chest press,2053825,2053826,147.83,330.08,886.84
Chest press,2053835,2053836,212.52,336.18,870.24
Chest press,2053845,2053846,208.13,333.25,874.88
Chest press,2053855,2053856,166.14,313.35,897.22
Chest press,2053865,2053866,139.28,280.4,930.79
Chest press,2053874,2053875,125.49,248.17,962.4
Chest press,2053884,2053885,91.43,232.3,985.72
Chest press,2053894,2053895,30.52,226.07,1014.65
Chest press,2053904,2053905,-34.42,208.86,1044.19
Chest press,2053914,2053914,-86.55,168.95,1057.25
Chest press,2053924,2053925,-101.93,130.98,1047.0
Chest press,2053933,2053934,-47.85,128.3,1012.08
Chest press,2053943,2053944,42.97,143.19,965.7
Chest press,2053953,2053954,103.27,157.35,935.55
Chest press,2053963,2053964,107.54,185.18,920.04
Chest press,2053973,2053974,80.32,210.21,903.32
Chest press,2053982,2053983,42.97,220.95,891.24
Chest press,2053992,2053993,9.77,245.36,904.66
Chest press,2054002,2054003,-21.48,281.86,947.27
Chest press,2054012,2054013,-78.61,293.7,994.38
Chest press,2054022,2054023,-155.64,281.37,1029.54
Chest press,2054032,2054033,-195.56,274.05,1043.33
Chest press,2054042,2054042,-165.65,266.36,1040.04
Chest press,2054051,2054052,-107.54,265.14,1021.24
Chest press,2054061,2054062,-39.67,279.54,976.44
Chest press,2054071,2054072,30.88,294.19,917.48
Chest press,2054081,2054082,60.3,298.83,882.93
Chest press,2054091,2054092,53.71,316.53,892.09
Chest press,2054101,2054102,48.22,338.38,929.08
Chest press,2054110,2054111,3.54,323.24,981.57
Chest press,2054120,2054121,-77.15,305.18,1035.28
Chest press,2054130,2054131,-116.46,296.87,1079.47
Chest press,2054140,2054141,-110.35,278.44,1107.54
Chest press,2054150,2054151,-87.89,270.51,1120.97
Chest press,2054160,2054161,-54.08,266.24,1125.24
Chest press,2054169,2054170,-15.99,254.64,1106.32
Chest press,2054179,2054180,15.5,248.66,1071.78
Chest press,2054189,2054190,35.03,246.09,1039.18
Chest press,2054199,2054200,58.35,250.12,1022.83
Chest press,2054209,2054210,86.3,263.31,1019.04
Chest press,2054219,2054220,80.44,270.14,1022.46
Chest press,2054229,2054230,51.76,268.31,1028.81
Chest press,2054238,2054239,47.36,258.67,1026.0
Chest press,2054248,2054249,59.45,252.81,1003.91
Chest press,2054258,2054259,74.22,255.0,963.5
Chest press,2054268,2054269,94.85,247.68,923.95
Chest press,2054278,2054279,116.82,235.72,907.1
Chest press,2054287,2054288,128.54,226.93,909.42
Chest press,2054297,2054298,123.29,223.14,924.44
Chest press,2054307,2054308,109.86,231.2,953.61
Chest press,2054317,2054318,82.28,253.17,987.67
Chest press,2054327,2054328,49.8,277.47,1015.38
Chest press,2054337,2054338,35.28,291.02,1027.95
Chest press,2054347,2054348,27.34,295.29,1022.71
Chest press,2054356,2054357,29.79,299.93,1003.17
Chest press,2054366,2054367,51.51,310.67,982.3
Chest press,2054376,2054377,70.8,327.15,970.21
Chest press,2054386,2054387,80.93,343.51,961.67
Chest press,2054396,2054397,96.07,348.27,954.59
Chest press,2054406,2054407,98.75,336.67,964.11
Chest press,2054415,2054416,76.29,315.8,988.16
Chest press,2054425,2054426,42.72,302.25,1009.64
Chest press,2054435,2054436,-0.24,296.39,1019.78
Chest press,2054445,2054446,-29.54,290.53,1020.75
Chest press,2054455,2054456,-32.47,296.26,1023.44
Chest press,2054465,2054466,-18.31,318.24,1021.12
Chest press,2054474,2054475,7.45,346.92,1010.5
Chest press,2054484,2054485,35.77,369.02,1005.13
Chest press,2054494,2054495,71.29,384.4,1009.52
Chest press,2054504,2054505,99.61,402.1,1012.08
Chest press,2054514,2054515,130.37,436.04,1014.77
Chest press,2054524,2054525,163.57,466.43,1022.58
Chest press,2054533,2054534,157.59,476.93,1042.85
Chest press,2054543,2054544,103.52,485.47,1082.03
Chest press,2054553,2054554,60.18,491.33,1126.22
Chest press,2054563,2054564,69.46,492.07,1156.86
Chest press,2054573,2054574,87.52,485.96,1168.09
Chest press,2054583,2054584,92.04,462.04,1168.09
Chest press,2054592,2054593,100.22,421.87,1148.68
Chest press,2054602,2054603,115.72,380.13,1097.78
Chest press,2054612,2054613,132.2,349.0,1024.17
Chest press,2054622,2054623,151.37,331.18,943.36
Chest press,2054632,2054633,179.2,328.12,868.53
Chest press,2054641,2054642,195.43,342.29,812.62
Chest press,2054652,2054653,163.57,354.49,784.55
Chest press,2054661,2054662,66.53,341.06,787.35
Chest press,2054671,2054672,-65.55,292.6,811.77
Chest press,2054681,2054682,-161.13,239.38,840.58
Chest press,2054691,2054692,-192.87,212.16,854.25
Chest press,2054701,2054702,-180.91,202.76,837.28
Chest press,2054710,2054711,-142.46,202.27,798.46
Chest press,2054720,2054721,-122.44,208.25,760.74
Chest press,2054730,2054731,-140.99,217.29,745.48
Chest press,2054740,2054741,-165.53,225.1,763.55
Chest press,2054750,2054751,-180.79,224.85,811.04
Chest press,2054760,2054761,-207.4,216.8,876.34
Chest press,2054770,2054771,-258.18,209.59,948.73
Chest press,2054780,2054781,-310.67,199.71,1005.13
Chest press,2054789,2054790,-310.42,185.67,1032.84
Chest press,2054799,2054800,-225.22,168.95,1043.21
Chest press,2054809,2054810,-98.63,154.42,1037.84
Chest press,2054819,2054820,11.84,136.23,1039.67
Chest press,2054829,2054830,82.4,96.92,1055.05
Chest press,2054838,2054839,105.47,46.63,1055.79
Chest press,2054848,2054849,89.97,3.91,1043.58
Chest press,2054858,2054859,61.28,-14.53,1034.79
Chest press,2054868,2054869,32.96,-8.54,1040.53
Chest press,2054878,2054879,0.49,-4.03,1064.82
Chest press,2054888,2054889,-33.08,-10.74,1093.14
Chest press,2054898,2054898,-45.17,-18.55,1117.19
Chest press,2054907,2054908,-36.13,-29.17,1136.84
Chest press,2054917,2054918,-19.29,-44.07,1118.04
Chest press,2054927,2054928,9.28,-53.96,1073.49
Chest press,2054937,2054938,37.72,-63.11,1054.57
Chest press,2054947,2054948,62.62,-80.08,1051.15
Chest press,2054956,2054957,78.37,-93.87,1047.49
Chest press,2054966,2054967,65.31,-97.29,1048.83
Chest press,2054976,2054977,20.14,-96.56,1036.87
Chest press,2054986,2054987,-28.93,-101.2,1017.09
Chest press,2054996,2054997,-41.75,-114.62,1015.01
Chest press,2055006,2055007,-29.54,-126.83,1020.87
Chest press,2055015,2055016,-28.81,-134.03,1035.77
Chest press,2055025,2055026,-39.92,-123.54,1059.94
Chest press,2055035,2055036,-48.71,-94.73,1071.41
Chest press,2055045,2055046,-49.32,-68.12,1064.21
Chest press,2055055,2055056,-17.21,-50.54,1052.98
Chest press,2055065,2055065,52.49,-36.74,1025.39
Chest press,2055074,2055075,100.71,-27.71,966.55
Chest press,2055084,2055085,101.44,-37.84,908.2
Chest press,2055094,2055095,107.06,-73.0,893.43
Chest press,2055104,2055105,116.09,-106.45,921.02
Chest press,2055114,2055115,95.21,-104.13,963.87
Chest press,2055124,2055125,70.31,-80.2,1000.49
Chest press,2055133,2055134,50.29,-63.6,1027.71
Chest press,2055143,2055144,30.15,-61.04,1038.33
Chest press,2055153,2055154,22.58,-79.83,1021.24
Chest press,2055163,2055164,30.03,-101.81,998.29
Chest press,2055173,2055174,54.69,-115.72,979.98
Chest press,2055182,2055183,93.26,-133.67,963.13
Chest press,2055192,2055193,152.71,-142.46,936.89
Chest press,2055202,2055203,225.59,-118.77,896.97
Chest press,2055212,2055213,278.93,-80.93,870.24
Chest press,2055222,2055223,333.01,-63.96,863.28
Chest press,2055232,2055233,320.31,-64.33,874.88
Chest press,2055242,2055243,202.88,-90.33,910.89
Chest press,2055252,2055253,135.99,-146.97,939.94
Chest press,2055261,2055262,150.27,-193.85,956.3
Chest press,2055271,2055272,161.87,-207.15,956.67
Chest press,2055281,2055282,131.35,-206.18,945.07
Chest press,2055291,2055292,60.55,-224.12,969.73
Chest press,2055301,2055302,-39.31,-264.04,1027.1
Chest press,2055311,2055311,-118.16,-314.33,1061.89
Chest press,2055320,2055321,-9.03,-364.5,1024.29
Chest press,2055330,2055331,209.35,-382.45,932.25
Chest press,2055340,2055341,341.8,-354.25,848.88
Chest press,2055350,2055351,336.67,-285.28,850.34
Chest press,2055360,2055361,208.13,-231.81,941.41
Chest press,2055370,2055371,93.63,-221.44,1052.25
Chest press,2055379,2055380,68.6,-207.28,1115.36
Chest press,2055389,2055390,109.25,-169.68,1104.98
Chest press,2055399,2055400,166.02,-116.82,1067.99
Chest press,2055409,2055410,217.65,-81.91,1044.92
Chest press,2055419,2055420,240.36,-83.74,1031.49
Chest press,2055429,2055429,231.57,-116.46,998.66
Chest press,2055439,2055440,249.63,-148.93,956.79
Chest press,2055448,2055449,267.7,-147.22,947.02
Chest press,2055458,2055459,248.78,-131.1,957.89
Chest press,2055468,2055469,225.46,-118.9,973.02
Chest press,2055478,2055479,190.8,-106.81,990.23
Chest press,2055488,2055488,156.01,-93.14,987.3
Chest press,2055497,2055498,130.49,-74.95,972.78
Chest press,2055507,2055508,100.59,-53.1,967.04
Chest press,2055517,2055518,94.36,-36.01,965.7
Chest press,2055527,2055528,94.6,-25.15,972.17
Chest press,2055537,2055538,75.68,-28.44,980.47
Chest press,2055547,2055548,85.69,-47.0,974.24
Chest press,2055556,2055557,121.83,-61.28,959.35
Chest press,2055566,2055567,137.45,-73.24,943.36
Chest press,2055576,2055577,143.8,-87.4,924.44
Chest press,2055586,2055587,165.16,-86.55,903.69
Chest press,2055596,2055597,177.37,-72.63,912.96
Chest press,2055606,2055607,166.38,-75.44,955.32
Chest press,2055616,2055616,152.22,-92.41,992.68
Chest press,2055625,2055626,124.76,-110.96,1013.79
Chest press,2055635,2055636,91.8,-138.43,1024.41
Chest press,2055645,2055646,57.13,-167.24,1029.79
Chest press,2055655,2055656,-2.93,-198.36,1024.41
Chest press,2055665,2055666,-47.97,-233.76,1005.74
Chest press,2055675,2055676,-27.34,-254.03,982.42
Chest press,2055684,2055685,66.65,-254.88,967.53
Chest press,2055694,2055695,160.03,-245.12,961.79
Chest press,2055704,2055705,187.38,-236.21,974.98
Chest press,2055714,2055715,194.58,-231.93,1004.27
Chest press,2055724,2055725,185.91,-231.2,1021.85
Chest press,2055733,2055734,140.5,-237.55,1027.59
Chest press,2055743,2055744,95.7,-254.88,1017.33
Chest press,2055753,2055754,78.49,-275.27,973.39
Chest press,2055763,2055764,77.15,-268.07,920.04
Chest press,2055773,2055774,94.6,-233.4,907.59
Chest press,2055783,2055784,127.32,-190.92,947.27
Chest press,2055793,2055794,142.33,-150.27,1004.88
Chest press,2055802,2055803,138.79,-130.98,1051.27
Chest press,2055812,2055813,125.73,-140.99,1068.97
Chest press,2055822,2055823,100.34,-170.53,1051.15
Chest press,2055832,2055833,75.44,-196.29,1013.43
Chest press,2055842,2055843,65.55,-202.51,968.26
Chest press,2055852,2055853,62.62,-188.84,925.42
Chest press,2055861,2055862,81.79,-141.85,919.92
Chest press,2055871,2055872,124.88,-37.96,943.48
Chest press,2055881,2055882,143.43,67.38,973.02
Chest press,2055891,2055892,132.69,83.25,991.21
Chest press,2055901,2055902,117.8,40.77,987.92
Chest press,2055910,2055911,95.34,-2.32,983.4
Chest press,2055920,2055921,52.37,-49.44,965.09
Chest press,2055930,2055931,5.49,-70.07,936.16
Chest press,2055940,2055941,-35.03,-33.45,927.86
Chest press,2055950,2055951,-82.15,31.49,929.69
Chest press,2055960,2055961,-120.61,91.31,948.12
Chest press,2055970,2055971,-142.46,127.2,987.55
Chest press,2055979,2055980,-150.76,125.12,1010.5
Chest press,2055989,2055990,-126.1,96.07,1014.77
Chest press,2055999,2056000,-75.68,86.18,1014.28
Chest press,2056009,2056010,-25.88,106.2,1003.66
Chest press,2056019,2056020,17.09,129.03,979.49
Chest press,2056028,2056029,51.76,156.49,946.9
Chest press,2056039,2056040,53.34,182.74,916.63
Chest press,2056048,2056049,33.2,196.53,906.13
Chest press,2056058,2056059,38.7,215.45,924.68
Chest press,2056068,2056069,61.89,244.14,956.67
Chest press,2056078,2056079,99.37,258.42,966.31
Chest press,2056088,2056089,150.88,265.5,946.29
Chest press,2056098,2056098,182.5,284.18,921.63
Chest press,2056107,2056108,183.47,304.32,900.15
Chest press,2056117,2056118,173.83,325.68,866.94
Chest press,2056127,2056128,151.49,351.2,821.53
Chest press,2056137,2056138,101.81,376.34,788.45
Chest press,2056147,2056148,61.04,389.77,782.1
Chest press,2056157,2056158,76.17,391.6,790.53
Chest press,2056166,2056167,125.73,407.71,815.06
Chest press,2056176,2056177,156.13,440.06,844.36
Chest press,2056186,2056187,162.35,460.33,875.0
Chest press,2056196,2056197,164.06,455.57,915.04
Chest press,2056206,2056207,160.64,436.77,938.84
Chest press,2056216,2056217,131.1,413.94,935.91
Chest press,2056226,2056227,95.58,387.33,922.85
Chest press,2056235,2056236,84.72,357.42,915.28
Chest press,2056245,2056246,43.33,337.4,922.24
Chest press,2056255,2056256,-45.65,321.66,959.72
Chest press,2056265,2056266,-111.21,303.59,1029.79
Chest press,2056275,2056276,-118.16,297.36,1111.94
Chest press,2056284,2056285,-84.59,301.39,1170.04
Chest press,2056294,2056295,-32.59,301.27,1176.88
Chest press,2056304,2056305,32.1,301.64,1142.33
Chest press,2056314,2056315,86.79,311.04,1082.89
Chest press,2056324,2056325,115.97,321.53,1010.38
Chest press,2056334,2056335,123.05,338.38,925.66
Chest press,2056344,2056344,80.93,360.96,853.64
Chest press,2056353,2056354,30.76,385.99,840.21
Chest press,2056363,2056364,-11.11,417.72,891.85
Chest press,2056373,2056374,-90.82,434.69,993.77
Chest press,2056383,2056384,-168.33,416.63,1104.49
Chest press,2056393,2056394,-210.69,397.46,1148.44
Chest press,2056403,2056404,-192.99,391.97,1129.27
Chest press,2056412,2056413,-111.69,392.82,1091.06
Chest press,2056422,2056423,-21.36,396.36,1048.58
Chest press,2056432,2056433,42.85,384.77,1014.4
Chest press,2056442,2056443,73.12,364.99,989.62
Chest press,2056451,2056452,73.61,346.44,977.17
Chest press,2056461,2056462,68.24,341.06,984.99
Chest press,2056471,2056472,70.19,356.2,1005.0
Chest press,2056481,2056482,76.78,379.64,1017.46
Chest press,2056491,2056492,86.55,398.68,1019.17
Chest press,2056501,2056502,94.12,406.25,1011.72
Chest press,2056511,2056512,102.17,405.52,990.36
Chest press,2056520,2056521,112.06,397.83,960.57
Chest press,2056530,2056531,118.77,388.55,931.03
Chest press,2056540,2056541,116.46,385.62,907.23
Chest press,2056550,2056551,97.29,388.79,895.26
Chest press,2056560,2056561,73.61,397.83,903.81
Chest press,2056570,2056571,49.56,415.77,927.49
Chest press,2056579,2056580,26.98,433.35,945.07
Chest press,2056589,2056590,11.96,453.0,951.9
Chest press,2056599,2056600,1.59,477.17,953.86
Chest press,2056609,2056610,1.83,490.36,955.2
Chest press,2056619,2056620,10.13,492.8,958.98
Chest press,2056629,2056630,21.48,490.48,966.92
Chest press,2056639,2056640,29.3,482.42,978.76
Chest press,2056648,2056649,29.54,472.17,998.66
Chest press,2056658,2056659,28.44,461.43,1021.85
Chest press,2056668,2056669,34.79,450.68,1031.01
Chest press,2056678,2056679,48.83,441.16,1018.07
Chest press,2056688,2056689,69.34,428.83,995.12
Chest press,2056698,2056699,100.95,419.68,976.32
Chest press,2056707,2056708,128.05,418.21,960.94
Chest press,2056717,2056718,135.25,419.92,945.68
Chest press,2056727,2056728,129.27,422.85,924.8
Chest press,2056737,2056738,111.45,429.93,902.83
Chest press,2056747,2056748,63.96,437.74,908.81
Chest press,2056756,2056757,-33.94,440.8,941.41
Chest press,2056766,2056767,-127.2,435.91,987.06
Chest press,2056776,2056777,-163.33,419.31,1035.4
Chest press,2056786,2056787,-167.24,393.43,1061.52
Chest press,2056796,2056797,-143.19,370.24,1054.93
Chest press,2056806,2056807,-92.41,362.55,1022.83
Chest press,2056815,2056816,-29.91,385.25,984.86
Chest press,2056826,2056827,28.81,425.29,953.0
Chest press,2056835,2056836,77.27,449.95,937.5
Chest press,2056845,2056846,101.56,450.44,937.5
Chest press,2056855,2056856,75.56,436.16,937.74
Chest press,2056865,2056866,16.11,403.44,942.99
Chest press,2056875,2056876,-50.54,357.79,957.03
Chest press,2056885,2056886,-104.49,326.78,971.44
Chest press,2056894,2056895,-129.27,312.62,984.86
Chest press,2056904,2056905,-143.68,310.91,996.34
Chest press,2056914,2056915,-155.15,314.21,999.51
Chest press,2056924,2056925,-155.88,314.82,998.54
Chest press,2056934,2056935,-158.69,315.55,996.34
Chest press,2056944,2056944,-158.2,310.67,985.96
Chest press,2056953,2056954,-138.18,302.25,971.07
Chest press,2056963,2056964,-114.87,291.14,960.45
Chest press,2056973,2056974,-96.8,269.53,952.39
Chest press,2056983,2056984,-69.46,243.77,939.58
Chest press,2056993,2056994,-50.29,218.87,922.73
Chest press,2057002,2057003,-58.84,202.27,915.16
Chest press,2057012,2057013,-83.5,196.53,927.73
Chest press,2057022,2057023,-118.41,187.99,955.57
Chest press,2057032,2057033,-166.63,173.22,991.09
Chest press,2057042,2057043,-201.29,166.38,1038.33
Chest press,2057052,2057053,-182.01,168.82,1081.54
Chest press,2057061,2057062,-124.15,168.58,1095.95
Chest press,2057071,2057072,-74.1,155.76,1083.98
Chest press,2057081,2057082,-41.75,127.2,1040.16
Chest press,2057091,2057092,-7.2,94.73,968.87
Chest press,2057101,2057102,27.1,70.43,908.33
Chest press,2057111,2057111,23.8,62.5,898.19
Chest press,2057121,2057121,-27.1,60.42,942.87
Chest press,2057130,2057131,-96.68,50.54,1007.45
Chest press,2057140,2057141,-161.13,34.55,1064.21
Chest press,2057150,2057151,-190.43,11.35,1089.11
Chest press,2057160,2057161,-165.89,-15.01,1059.08
Chest press,2057170,2057171,-125.0,-45.41,996.22
Chest press,2057179,2057180,-76.17,-67.63,948.61
Chest press,2057189,2057190,-19.17,-71.29,932.25
Chest press,2057199,2057200,9.03,-61.65,932.01
Chest press,2057209,2057210,-10.5,-40.16,937.26
Chest press,2057219,2057220,-50.29,-19.65,956.79
Chest press,2057229,2057230,-71.9,-25.51,985.23
Chest press,2057239,2057240,-105.22,-63.84,1000.73
Chest press,2057249,2057250,-147.71,-103.64,1004.88
Chest press,2057258,2057259,-139.16,-120.85,1013.79
Chest press,2057268,2057269,-74.46,-115.48,1032.23
Chest press,2057278,2057279,8.67,-94.97,1035.03
Chest press,2057288,2057289,74.71,-73.49,1009.77
Chest press,2057297,2057298,130.74,-56.52,974.85
Chest press,2057307,2057308,180.66,-45.9,944.09
Chest press,2057317,2057318,220.95,-51.64,920.29
Chest press,2057327,2057328,231.08,-78.74,903.56
Chest press,2057337,2057338,183.35,-127.69,883.67
Chest press,2057347,2057348,134.28,-174.93,872.31
Chest press,2057357,2057358,90.33,-190.31,877.44
Chest press,2057367,2057367,65.06,-170.29,894.53
Chest press,2057376,2057377,61.52,-152.47,914.06
Chest press,2057386,2057387,36.5,-173.34,940.06
Chest press,2057396,2057397,26.0,-208.5,967.9
Chest press,2057406,2057407,38.09,-243.29,976.32
Chest press,2057416,2057417,76.66,-297.49,948.73
Chest press,2057425,2057426,125.0,-335.69,893.8
Chest press,2057435,2057436,144.29,-326.29,868.29
Chest press,2057445,2057446,117.31,-290.28,907.47
Chest press,2057455,2057456,27.47,-255.0,1001.46
Chest press,2057465,2057466,-53.47,-236.08,1097.05
Chest press,2057475,2057476,-112.43,-227.42,1142.21
Chest press,2057485,2057486,-109.62,-229.74,1111.69
Chest press,2057494,2057495,-9.03,-227.78,1041.38
Chest press,2057504,2057505,61.65,-222.66,988.77
Chest press,2057514,2057515,99.24,-237.67,948.0
Chest press,2057524,2057525,120.36,-235.35,918.21
Chest press,2057534,2057535,96.07,-208.13,924.19
Chest press,2057543,2057544,66.28,-178.22,948.24
Chest press,2057553,2057554,35.64,-135.13,977.54
Chest press,2057563,2057564,17.7,-106.2,1007.32
Chest press,2057573,2057574,22.71,-95.09,1016.97
Chest press,2057583,2057584,31.01,-80.93,1001.59
Chest press,2057593,2057594,51.76,-67.99,966.19
Chest press,2057603,2057604,86.3,-58.59,933.84
Chest press,2057612,2057613,123.54,-60.67,919.68
Chest press,2057622,2057623,151.86,-71.78,924.44
Chest press,2057632,2057633,172.12,-79.1,937.5
Chest press,2057642,2057643,181.76,-73.24,953.49
Chest press,2057652,2057653,164.79,-63.23,969.36
Chest press,2057662,2057663,139.16,-60.18,968.38
Chest press,2057671,2057672,119.75,-57.86,954.22
Chest press,2057681,2057682,95.7,-50.66,950.56
Chest press,2057691,2057692,75.56,-45.78,975.71
Chest press,2057701,2057702,51.88,-51.15,1011.72
Chest press,2057711,2057712,23.68,-61.04,1031.86
Chest press,2057720,2057721,19.53,-68.85,1036.74
Chest press,2057731,2057732,40.16,-74.22,1031.74
Chest press,2057740,2057741,64.09,-83.5,1011.35
Chest press,2057750,2057751,99.12,-97.78,987.92
Chest press,2057760,2057761,138.55,-102.78,983.89
Chest press,2057770,2057771,155.03,-96.19,1001.34
Chest press,2057780,2057780,154.91,-94.36,1031.13
Chest press,2057789,2057790,140.26,-111.69,1055.3
Chest press,2057799,2057800,106.81,-138.92,1062.01
Chest press,2057809,2057810,69.7,-158.94,1053.59
Chest press,2057819,2057820,47.12,-171.39,1027.95
Chest press,2057829,2057830,31.37,-167.24,998.41
Chest press,2057839,2057840,18.68,-157.71,993.77
Chest press,2057848,2057849,23.19,-170.53,1006.59
Chest press,2057858,2057859,45.9,-200.68,1012.21
Chest press,2057868,2057869,83.98,-227.17,1008.06
Chest press,2057878,2057879,124.02,-243.41,999.39
Chest press,2057888,2057889,148.93,-263.92,983.89
Chest press,2057898,2057898,158.94,-276.98,939.58
Chest press,2057908,2057909,154.3,-247.68,896.24
Chest press,2057917,2057918,124.51,-217.65,886.35
Chest press,2057927,2057928,73.49,-226.2,899.29
Chest press,2057937,2057938,2.08,-238.89,937.5
Chest press,2057947,2057948,-71.53,-252.69,978.52
Chest press,2057957,2057958,-74.34,-271.36,1000.49
Chest press,2057966,2057967,-11.11,-265.26,1013.92
Chest press,2057976,2057977,44.56,-245.12,1022.22
Chest press,2057986,2057987,64.82,-246.46,1010.74
Chest press,2057996,2057997,80.2,-260.5,986.57
Chest press,2058006,2058007,96.19,-261.84,964.6
Chest press,2058016,2058017,84.11,-235.6,939.45
Chest press,2058026,2058026,62.87,-159.06,924.68
Chest press,2058035,2058036,35.64,-65.55,926.88
Chest press,2058045,2058046,-7.81,-26.25,942.99
Chest press,2058055,2058056,-51.03,-39.55,974.61
Chest press,2058065,2058066,-77.27,-74.46,1011.72
Chest press,2058075,2058076,-91.92,-119.14,1036.13
Chest press,2058084,2058085,-92.53,-149.66,1036.74
Chest press,2058095,2058096,-70.31,-155.88,1012.33
Chest press,2058104,2058105,-43.21,-134.52,984.13
Chest press,2058114,2058115,-19.78,-75.07,968.14
Chest press,2058124,2058125,12.82,11.23,958.25
Chest press,2058134,2058135,29.54,102.54,965.33
Chest press,2058143,2058144,-2.2,160.03,994.38
Chest press,2058153,2058154,-52.25,164.67,1019.17
Chest press,2058163,2058164,-81.91,143.43,1036.87
Chest press,2058173,2058174,-81.54,112.67,1051.39
Chest press,2058183,2058184,-36.74,82.52,1057.86
Chest press,2058193,2058194,18.8,70.19,1055.05
Chest press,2058202,2058203,53.83,80.08,1040.77
Chest press,2058212,2058213,79.1,108.4,1023.44
Chest press,2058222,2058223,80.57,148.32,1010.38
Chest press,2058232,2058233,60.18,191.41,997.44
Chest press,2058242,2058243,40.53,220.83,978.88
Chest press,2058252,2058253,10.74,228.27,965.7
Chest press,2058262,2058262,-29.3,222.78,957.15
Chest press,2058271,2058272,-44.07,219.36,960.57
Chest press,2058281,2058282,-42.85,223.63,977.91
Chest press,2058291,2058292,-34.06,219.85,983.64
Chest press,2058301,2058302,-5.98,214.11,971.44
Chest press,2058311,2058312,12.33,211.91,952.27
Chest press,2058321,2058321,21.24,204.71,925.66
Chest press,2058331,2058332,56.03,215.33,912.35
Chest press,2058340,2058341,76.54,239.62,923.1
Chest press,2058350,2058351,45.53,251.22,932.86
Chest press,2058360,2058361,-29.54,247.68,939.09
Chest press,2058370,2058371,-136.72,235.96,953.25
Chest press,2058380,2058381,-212.65,215.94,974.73
Chest press,2058389,2058390,-208.74,199.22,989.5
Chest press,2058399,2058400,-143.19,202.39,991.94
Chest press,2058409,2058410,-64.82,219.6,979.98
Chest press,2058419,2058420,5.0,235.6,955.32
Chest press,2058429,2058430,77.76,245.48,941.04
Chest press,2058439,2058440,102.29,255.62,943.85
Chest press,2058448,2058449,61.77,259.4,954.83
Chest press,2058458,2058459,23.93,256.23,975.59
Chest press,2058468,2058469,4.03,264.04,998.17
Chest press,2058478,2058479,-14.53,282.59,1012.7
Chest press,2058488,2058489,-23.8,295.17,1020.39
Chest press,2058498,2058498,-6.96,305.91,1030.4
Chest press,2058508,2058509,13.06,323.97,1034.67
Chest press,2058517,2058518,11.72,339.72,1026.49
Chest press,2058527,2058528,3.91,344.36,1008.91
Chest press,2058537,2058538,-4.39,349.24,985.23
Chest press,2058547,2058548,-15.87,361.21,967.77
Chest press,2058557,2058558,-43.82,368.65,961.55
Chest press,2058566,2058567,-98.63,372.8,995.36
Chest press,2058576,2058577,-149.9,384.89,1044.68
Chest press,2058586,2058587,-183.35,414.67,1056.64
Chest press,2058596,2058597,-217.16,424.68,1035.52
Chest press,2058606,2058607,-212.16,389.04,991.21
Chest press,2058616,2058617,-154.54,362.79,933.59
Chest press,2058626,2058627,-63.48,375.73,870.61
Chest press,2058635,2058636,44.31,411.38,817.87
Chest press,2058645,2058646,111.33,450.81,805.91
Chest press,2058655,2058656,120.85,471.19,833.5
Chest press,2058665,2058666,102.42,460.69,878.05
Chest press,2058675,2058676,86.79,428.83,926.64
Chest press,2058685,2058686,97.78,392.33,959.72
Chest press,2058694,2058695,134.16,369.02,971.31
Chest press,2058704,2058705,174.32,362.18,974.73
Chest press,2058714,2058715,182.98,357.42,982.91
Chest press,2058724,2058725,153.44,350.59,997.19
Chest press,2058734,2058735,140.75,358.03,1007.32
Chest press,2058743,2058744,148.93,360.6,1006.59
Chest press,2058753,2058754,121.83,349.98,1010.5
Chest press,2058763,2058764,69.34,347.05,1025.51
Chest press,2058773,2058774,27.95,344.48,1028.93
Chest press,2058783,2058784,-3.05,349.61,1012.94
Chest press,2058793,2058794,-19.65,371.95,985.84
Chest press,2058803,2058804,-20.26,391.72,955.69
Chest press,2058813,2058813,-24.66,401.37,926.76
Chest press,2058822,2058823,-33.69,409.67,905.88
Chest press,2058832,2058833,-41.14,416.14,896.97
Chest press,2058842,2058843,-44.8,423.1,901.86
Chest press,2058852,2058853,-37.6,430.79,918.7
Chest press,2058862,2058863,-21.61,436.28,940.06
Chest press,2058872,2058872,-5.74,435.79,953.0
Chest press,2058881,2058882,-0.73,422.49,967.16
Chest press,2058891,2058892,-8.06,396.73,990.72
Chest press,2058901,2058902,-10.99,359.37,1007.2
Chest press,2058911,2058912,-5.62,316.16,1015.99
Chest press,2058921,2058922,5.86,283.57,1014.4
Chest press,2058930,2058931,18.19,272.46,1002.81
Chest press,2058940,2058941,29.79,281.37,987.55
Chest press,2058950,2058951,50.66,300.42,962.16
Chest press,2058960,2058961,77.88,322.51,937.87
Chest press,2058970,2058971,96.92,347.17,928.34
Chest press,2058980,2058981,104.98,383.91,942.99
Chest press,2058990,2058991,62.26,415.65,970.09
Chest press,2058999,2059000,-30.88,404.66,985.6
Chest press,2059009,2059010,-98.88,391.11,995.73
Chest press,2059019,2059020,-128.66,405.52,996.09
Chest press,2059029,2059030,-131.96,418.58,983.03
Chest press,2059039,2059040,-108.64,429.32,961.43
Chest press,2059048,2059049,-76.17,441.04,935.18
Chest press,2059058,2059059,-40.41,450.32,907.96
Chest press,2059068,2059069,6.96,462.77,884.77
Chest press,2059078,2059079,44.56,481.81,876.95
Chest press,2059088,2059089,50.29,496.34,890.62
Chest press,2059098,2059099,32.47,499.15,919.8
Chest press,2059107,2059108,-6.1,493.9,958.74
Chest press,2059117,2059118,-59.33,480.83,999.88
Chest press,2059127,2059128,-107.18,460.21,1033.94
Chest press,2059137,2059138,-131.35,441.28,1052.12
Chest press,2059147,2059148,-141.85,427.37,1052.37
Chest press,2059157,2059158,-166.38,404.79,1044.07
Chest press,2059166,2059167,-185.67,371.7,1033.69
Chest press,2059176,2059177,-176.88,340.7,1017.58
Chest press,2059186,2059187,-158.2,322.27,1001.59
Chest press,2059196,2059197,-154.17,304.32,1009.4
Chest press,2059206,2059207,-88.87,268.43,975.46
Chest press,2059216,2059217,85.69,365.48,997.31
Chest press,2059226,2059227,36.62,391.97,1048.1
Chest press,2059235,2059236,-67.14,269.41,1027.47
Chest press,2059245,2059246,16.36,308.23,1005.74
Chest press,2059255,2059256,14.77,356.93,993.41
Chest press,2059265,2059266,-76.42,291.87,997.92
Chest press,2059275,2059276,-118.53,227.78,979.98
Chest press,2059285,2059286,-91.19,203.49,951.05
Chest press,2059295,2059296,-83.62,183.59,946.66
Chest press,2059304,2059305,-86.18,168.33,961.06
Chest press,2059314,2059315,-61.52,174.56,968.87
Chest press,2059324,2059325,-31.62,186.89,983.89
Chest press,2059334,2059335,-36.38,186.77,1005.74
Chest press,2059344,2059345,-65.8,165.28,1018.19
Chest press,2059354,2059355,-67.75,134.03,1015.99
Chest press,2059363,2059364,-67.63,110.96,1003.66
Chest press,2059373,2059374,-88.26,87.4,976.93
Chest press,2059383,2059384,-86.06,43.33,948.0
Chest press,2059393,2059394,-117.31,60.79,946.41
Chest press,2059403,2059404,-212.4,60.3,967.29
Chest press,2059413,2059414,-298.1,-15.87,993.29
Chest press,2059422,2059423,-342.04,-27.34,1028.32
Chest press,2059432,2059433,-287.11,-15.63,1030.76
Chest press,2059442,2059443,-109.86,51.88,1025.39
Chest press,2059452,2059453,-51.76,82.89,1030.4
Chest press,2059462,2059463,-99.12,18.68,1012.45
Chest press,2059472,2059472,-32.96,4.64,963.26
Chest press,2059481,2059482,45.65,34.55,931.4
Chest press,2059491,2059492,-41.26,-24.05,942.26
Chest press,2059501,2059502,-132.69,-90.33,946.17
Chest press,2059511,2059512,-121.95,-46.88,950.07
Chest press,2059521,2059522,-131.59,-39.06,964.48
Chest press,2059531,2059532,-126.95,-64.7,978.15
Chest press,2059541,2059542,-72.88,-48.71,961.55
Chest press,2059550,2059551,-16.97,-37.72,943.85
Chest press,2059560,2059561,17.46,-11.84,937.26
Chest press,2059570,2059571,58.47,51.27,929.44
Chest press,2059580,2059581,62.01,46.39,938.48
Chest press,2059590,2059591,42.36,-29.05,950.07
Chest press,2059599,2059600,54.44,-89.48,939.82
Chest press,2059609,2059610,61.89,-119.75,915.89
