label,timestamp1,timestamp2,x_out_fir,y_out_fir,z_out_fir
Stationary,,,-4.434136390686035,-18.647668838500977,5.392279148101807
Stationary,,,-18.629304885864258,-78.64954376220703,22.74755859375
Stationary,,,-54.988792419433594,-232.59274291992188,67.2486572265625
Stationary,,,-109.0938720703125,-462.8217468261719,133.76278686523438
Stationary,,,-163.038330078125,-693.659423828125,200.3383026123047
Stationary,,,-199.23439025878906,-849.1111450195312,245.04080200195312
Stationary,,,-213.9757080078125,-910.8580322265625,262.8202209472656
Stationary,,,-219.98934936523438,-930.9442749023438,268.9901123046875
Stationary,,,-222.08364868164062,-931.8492431640625,270.2207336425781
Stationary,,,-223.8130340576172,-932.2156372070312,271.7892761230469
Stationary,,,-224.57119750976562,-931.8758544921875,273.35626220703125
Stationary,,,-224.41220092773438,-930.5048828125,274.520263671875
Stationary,,,-223.6901397705078,-928.0118408203125,275.1002502441406
Stationary,,,-222.62440490722656,-924.836181640625,275.4004211425781
Stationary,,,-221.4949951171875,-921.8414306640625,276.0430908203125
Stationary,,,-220.7081298828125,-919.758056640625,277.4708251953125
Stationary,,,-220.4686279296875,-918.9544677734375,279.5884094238281
Stationary,,,-220.63404846191406,-919.481201171875,281.8129577636719
Stationary,,,-220.98126220703125,-921.1196899414062,283.5202941894531
Stationary,,,-221.4496307373047,-923.3826293945312,284.382568359375
Stationary,,,-222.00314331054688,-925.62158203125,284.21514892578125
Stationary,,,-222.36570739746094,-927.2133178710938,282.9747009277344
Stationary,,,-222.34767150878906,-927.7578125,280.93389892578125
Stationary,,,-222.24269104003906,-927.4487915039062,278.8698425292969
Stationary,,,-222.46957397460938,-927.0935668945312,277.7364501953125
Stationary,,,-223.0380401611328,-927.5065307617188,278.03997802734375
Stationary,,,-223.80357360839844,-928.9266967773438,279.70404052734375
Stationary,,,-224.86117553710938,-930.849609375,282.20263671875
Stationary,,,-226.18463134765625,-932.26611328125,284.7589416503906
Stationary,,,-227.1703643798828,-932.1886596679688,286.43646240234375
Stationary,,,-226.98138427734375,-930.2437744140625,286.5348205566406
Stationary,,,-225.39639282226562,-927.0760498046875,285.1104431152344
Stationary,,,-222.7894744873047,-924.0018920898438,282.9767761230469
Stationary,,,-219.7190704345703,-922.1370239257812,281.17401123046875
Stationary,,,-217.04908752441406,-921.920166015625,280.4042053222656
Stationary,,,-215.71461486816406,-923.131591796875,280.80828857421875
Stationary,,,-216.13323974609375,-925.0799560546875,281.9837646484375
Stationary,,,-217.85862731933594,-926.8070068359375,283.198486328125
Stationary,,,-220.00706481933594,-927.40625,283.71746826171875
Stationary,,,-221.84478759765625,-926.5048217773438,283.1596374511719
Stationary,,,-222.80859375,-924.4366455078125,281.5896911621094
Stationary,,,-222.7303009033203,-921.9332275390625,279.467041015625
Stationary,,,-222.04837036132812,-919.6727905273438,277.43890380859375
Stationary,,,-221.43344116210938,-918.0823364257812,276.0517272949219
Stationary,,,-221.2268829345703,-917.3836059570312,275.4931640625
Stationary,,,-221.39630126953125,-917.7186889648438,275.5385437011719
Stationary,,,-221.91094970703125,-919.1612548828125,275.8340148925781
Stationary,,,-222.74986267089844,-921.53173828125,276.0450134277344
Stationary,,,-223.79568481445312,-924.3079833984375,275.8368835449219
Stationary,,,-224.80039978027344,-926.677734375,274.9786682128906
Stationary,,,-225.3837432861328,-927.8950805664062,273.54547119140625
Stationary,,,-225.23373413085938,-927.7946166992188,272.05670166015625
Stationary,,,-224.60772705078125,-927.076904296875,271.20550537109375
Stationary,,,-224.29310607910156,-926.8040161132812,271.3956298828125
Stationary,,,-224.6338348388672,-927.334228515625,272.5503845214844
Stationary,,,-225.1619873046875,-928.0316162109375,274.2750549316406
Stationary,,,-225.2698974609375,-928.0384521484375,276.2604064941406
Stationary,,,-224.7558135986328,-927.2276611328125,278.29541015625
Stationary,,,-223.5042266845703,-926.1382446289062,280.0536193847656
Stationary,,,-221.3695068359375,-925.3017578125,281.1712951660156
Stationary,,,-218.814208984375,-924.94287109375,281.5487976074219
Stationary,,,-216.75775146484375,-924.9136352539062,281.4215393066406
Stationary,,,-215.65992736816406,-924.87060546875,281.0933837890625
Stationary,,,-215.16334533691406,-924.5181884765625,280.71417236328125
Stationary,,,-214.54957580566406,-923.7816162109375,280.3622741699219
Stationary,,,-213.67811584472656,-922.9425659179688,280.2690734863281
Stationary,,,-213.11915588378906,-922.5233764648438,280.75286865234375
Stationary,,,-213.36474609375,-922.8994750976562,281.86737060546875
Stationary,,,-214.38690185546875,-923.9788818359375,283.17169189453125
Stationary,,,-215.683349609375,-925.2803344726562,284.02264404296875
Stationary,,,-216.56597900390625,-926.3577880859375,284.0395812988281
Stationary,,,-216.44593811035156,-926.988525390625,283.1737365722656
Stationary,,,-215.13827514648438,-927.1561889648438,281.65020751953125
Stationary,,,-213.12051391601562,-927.037353515625,279.93798828125
Stationary,,,-211.2314453125,-926.9284057617188,278.70001220703125
Stationary,,,-210.1128387451172,-927.095947265625,278.4136962890625
Stationary,,,-209.90281677246094,-927.565185546875,279.041015625
Stationary,,,-210.36907958984375,-928.1710205078125,280.1865539550781
Stationary,,,-211.21139526367188,-928.638671875,281.32928466796875
Stationary,,,-212.05905151367188,-928.8258666992188,282.00238037109375
Stationary,,,-212.35865783691406,-928.8320922851562,281.8910217285156
Stationary,,,-211.67184448242188,-928.89501953125,280.99407958984375
Stationary,,,-210.24691772460938,-929.3003540039062,279.6886901855469
Stationary,,,-208.80697631835938,-930.13818359375,278.50146484375
Stationary,,,-207.73500061035156,-931.1764526367188,277.7572021484375
Stationary,,,-207.09877014160156,-931.938720703125,277.5018005371094
Stationary,,,-207.0572509765625,-932.07421875,277.6974182128906
Stationary,,,-207.73289489746094,-931.5809936523438,278.37286376953125
Stationary,,,-208.84291076660156,-930.5673217773438,279.4315185546875
Stationary,,,-209.86451721191406,-929.133056640625,280.4730529785156
Stationary,,,-210.71156311035156,-927.5508422851562,281.1407165527344
Stationary,,,-211.73594665527344,-926.2739868164062,281.4194641113281
Stationary,,,-213.12100219726562,-925.630126953125,281.54254150390625
Stationary,,,-214.55831909179688,-925.4181518554688,281.6990966796875
Stationary,,,-215.41558837890625,-925.0529174804688,281.86834716796875
Stationary,,,-215.2071990966797,-924.1485595703125,281.964599609375
Stationary,,,-213.9289093017578,-922.8348388671875,281.938232421875
Stationary,,,-212.14170837402344,-921.5927124023438,281.77423095703125
Stationary,,,-210.78713989257812,-920.8199462890625,281.5257568359375
Stationary,,,-210.6959686279297,-920.7271728515625,281.3468933105469
Stationary,,,-212.0203857421875,-921.4629516601562,281.35003662109375
Stationary,,,-214.1256103515625,-923.0535278320312,281.3822326660156
Stationary,,,-216.16453552246094,-925.3368530273438,281.1116027832031
Stationary,,,-217.71754455566406,-928.0341186523438,280.3396911621094
Stationary,,,-218.78021240234375,-930.7676391601562,279.20538330078125
Stationary,,,-219.3765411376953,-933.123291015625,278.1603698730469
Stationary,,,-219.52528381347656,-934.6148071289062,277.7145080566406
Stationary,,,-219.4573974609375,-934.85009765625,278.13385009765625
Stationary,,,-219.4559326171875,-933.8143920898438,279.3013916015625
Stationary,,,-219.3654327392578,-931.958251953125,280.9127502441406
Stationary,,,-218.81976318359375,-930.0302734375,282.7950744628906
Stationary,,,-217.88169860839844,-928.6088256835938,284.8044128417969
Stationary,,,-217.1400146484375,-927.8814697265625,286.64544677734375
Stationary,,,-217.0369110107422,-927.6741943359375,287.8831787109375
Stationary,,,-217.32806396484375,-927.6524658203125,288.2485046386719
Stationary,,,-217.4513702392578,-927.6492309570312,287.89422607421875
Stationary,,,-217.037841796875,-927.7051391601562,287.2490539550781
Stationary,,,-216.2530059814453,-927.8157958984375,286.74102783203125
Stationary,,,-215.57369995117188,-927.8037109375,286.6363525390625
Stationary,,,-215.2473602294922,-927.4591674804688,286.9364318847656
Stationary,,,-215.25221252441406,-926.8300170898438,287.3570861816406
Stationary,,,-215.42413330078125,-926.1824340820312,287.59039306640625
Stationary,,,-215.58273315429688,-925.761962890625,287.5614929199219
Stationary,,,-215.49969482421875,-925.6666259765625,287.400634765625
Stationary,,,-215.08975219726562,-925.883056640625,287.1943054199219
Stationary,,,-214.7316131591797,-926.3824462890625,286.87652587890625
Stationary,,,-215.004150390625,-927.01220703125,286.3437194824219
Stationary,,,-216.29615783691406,-927.490966796875,285.6065979003906
Stationary,,,-218.3785858154297,-927.5657348632812,284.7862548828125
Stationary,,,-220.27110290527344,-927.06787109375,284.0087585449219
Stationary,,,-220.98109436035156,-925.9230346679688,283.3421936035156
Stationary,,,-220.5243377685547,-924.2926635742188,282.86810302734375
Stationary,,,-219.87582397460938,-922.7039794921875,282.6934814453125
Stationary,,,-219.8590850830078,-921.7948608398438,282.7914733886719
Stationary,,,-220.50839233398438,-921.9939575195312,282.93719482421875
Stationary,,,-221.2863006591797,-923.2601928710938,282.8257751464844
Stationary,,,-221.562744140625,-924.9121704101562,282.1855163574219
Stationary,,,-220.877685546875,-926.0027465820312,280.9320373535156
Stationary,,,-219.3287811279297,-926.0745849609375,279.4003601074219
Stationary,,,-217.63815307617188,-925.514404296875,278.3197021484375
Stationary,,,-216.6035919189453,-925.0576171875,278.3838806152344
Stationary,,,-216.58584594726562,-925.1271362304688,279.7601623535156
Stationary,,,-217.295166015625,-925.6581420898438,282.0430603027344
Stationary,,,-218.15325927734375,-926.3252563476562,284.6089782714844
Stationary,,,-218.57652282714844,-926.7520141601562,286.99249267578125
Stationary,,,-218.50872802734375,-926.7708740234375,289.0341491699219
Stationary,,,-218.34500122070312,-926.505615234375,290.6184997558594
Stationary,,,-217.8358917236328,-926.2984619140625,291.373046875
Stationary,,,-216.14044189453125,-926.4077758789062,291.08734130859375
Stationary,,,-212.86721801757812,-926.717041015625,290.06817626953125
Stationary,,,-208.79563903808594,-926.9379272460938,288.86126708984375
Stationary,,,-205.18942260742188,-926.8552856445312,287.78955078125
Stationary,,,-202.785400390625,-926.6260375976562,286.91827392578125
Stationary,,,-201.728515625,-926.6273803710938,286.3701171875
Stationary,,,-201.7169189453125,-927.1273803710938,286.2587585449219
Stationary,,,-202.31936645507812,-928.0897216796875,286.5805969238281
Stationary,,,-203.30165100097656,-929.2158203125,287.185302734375
Stationary,,,-204.5819854736328,-930.31005859375,287.7790832519531
Stationary,,,-205.93899536132812,-931.25,288.08001708984375
Stationary,,,-207.0831298828125,-931.8161010742188,288.16192626953125
Stationary,,,-207.97744750976562,-931.7922973632812,288.3851013183594
Stationary,,,-208.93765258789062,-931.1207885742188,288.9196472167969
Stationary,,,-210.29562377929688,-929.9953002929688,289.5460510253906
Stationary,,,-212.0592803955078,-928.75732421875,289.87078857421875
Stationary,,,-213.89532470703125,-927.7288818359375,289.7924499511719
Stationary,,,-215.40646362304688,-927.0745849609375,289.5670166015625
Stationary,,,-216.3463897705078,-926.747802734375,289.4913330078125
Stationary,,,-216.3564910888672,-926.5615234375,289.5738830566406
Stationary,,,-215.1271209716797,-926.2394409179688,289.4158935546875
Stationary,,,-212.8496551513672,-925.58837890625,288.7437438964844
Stationary,,,-210.40185546875,-924.5872192382812,287.7587890625
Stationary,,,-208.91693115234375,-923.4859008789062,286.8456726074219
Stationary,,,-208.8283233642578,-922.6526489257812,286.1474609375
Stationary,,,-209.8028564453125,-922.32470703125,285.5074462890625
Stationary,,,-211.41427612304688,-922.6114501953125,284.8297424316406
Stationary,,,-213.47923278808594,-923.359375,284.095703125
Stationary,,,-215.96432495117188,-924.2120361328125,283.31365966796875
Stationary,,,-218.5581817626953,-924.7888793945312,282.60723876953125
Stationary,,,-220.60975646972656,-924.8653564453125,282.23944091796875
Stationary,,,-221.50125122070312,-924.573974609375,282.4348449707031
Stationary,,,-220.8533477783203,-924.040283203125,283.1419982910156
Stationary,,,-218.98631286621094,-923.2623291015625,284.2279052734375
Stationary,,,-216.9156036376953,-922.4864501953125,285.5361022949219
Stationary,,,-215.48211669921875,-922.1865234375,286.76025390625
Stationary,,,-214.80258178710938,-922.7005615234375,287.4044189453125
Stationary,,,-214.12933349609375,-923.894775390625,287.02703857421875
Stationary,,,-212.4619598388672,-925.3070068359375,285.6376647949219
Stationary,,,-209.240234375,-926.6170043945312,283.5364074707031
Stationary,,,-204.5386962890625,-927.67529296875,281.1842346191406
Stationary,,,-199.35882568359375,-928.405029296875,279.13787841796875
Stationary,,,-195.42347717285156,-928.7964477539062,278.0738220214844
Stationary,,,-194.3145294189453,-928.8856811523438,278.6173095703125
Stationary,,,-196.36595153808594,-928.7833251953125,280.85479736328125
Stationary,,,-200.2123565673828,-928.5543212890625,284.2106018066406
Stationary,,,-203.662109375,-928.1746826171875,287.60028076171875
Stationary,,,-205.16114807128906,-927.7174072265625,289.93798828125
Stationary,,,-204.4395751953125,-927.429931640625,290.61224365234375
Stationary,,,-202.3840789794922,-927.4956665039062,289.79193115234375
Stationary,,,-200.2909393310547,-927.931396484375,288.369140625
Stationary,,,-199.01388549804688,-928.664306640625,287.3268737792969
Stationary,,,-198.94142150878906,-929.6797485351562,287.17059326171875
Stationary,,,-200.12796020507812,-930.9407348632812,287.8330078125
Stationary,,,-202.42564392089844,-932.3304443359375,288.9831237792969
Stationary,,,-205.32667541503906,-933.6490478515625,290.2303466796875
Stationary,,,-207.95361328125,-934.5053100585938,291.10205078125
Stationary,,,-209.53366088867188,-934.5070190429688,291.18988037109375
Stationary,,,-209.71389770507812,-933.5286254882812,290.4629821777344
Stationary,,,-208.795654296875,-931.9418334960938,289.40875244140625
Stationary,,,-207.52572631835938,-930.3485107421875,288.6829833984375
Stationary,,,-206.68092346191406,-929.036865234375,288.6269226074219
Stationary,,,-206.77041625976562,-927.9237670898438,289.17401123046875
Stationary,,,-207.83609008789062,-926.7525024414062,290.06207275390625
Stationary,,,-209.58255004882812,-925.51123046875,290.99871826171875
Stationary,,,-211.60862731933594,-924.4459228515625,291.6648254394531
Stationary,,,-213.56321716308594,-923.8107299804688,291.85528564453125
Stationary,,,-214.92909240722656,-923.7079467773438,291.5643005371094
Stationary,,,-215.0798797607422,-923.8888549804688,290.9308776855469
Stationary,,,-213.815673828125,-924.050537109375,290.2369079589844
Stationary,,,-211.66566467285156,-924.08349609375,289.8868713378906
Stationary,,,-209.7490692138672,-924.2276611328125,290.2252502441406
Stationary,,,-208.85992431640625,-924.8666381835938,291.15704345703125
Stationary,,,-209.01234436035156,-926.0977783203125,292.1510925292969
Stationary,,,-209.83901977539062,-927.7387084960938,292.71209716796875
Stationary,,,-210.9453582763672,-929.270751953125,292.6986999511719
Stationary,,,-212.05174255371094,-930.08203125,292.2701721191406
Stationary,,,-212.70433044433594,-929.8621826171875,291.6968994140625
Stationary,,,-212.5337677001953,-928.8377075195312,291.2862243652344
Stationary,,,-211.68885803222656,-927.7137451171875,291.3110656738281
Stationary,,,-210.41067504882812,-927.06494140625,291.7436828613281
Stationary,,,-208.6550750732422,-926.958740234375,292.15411376953125
Stationary,,,-206.382080078125,-927.0829467773438,291.9930725097656
Stationary,,,-204.01097106933594,-927.140869140625,290.9886779785156
Stationary,,,-202.30381774902344,-927.1361694335938,289.2831726074219
Stationary,,,-201.7733917236328,-927.2365112304688,287.3460388183594
Stationary,,,-202.2789764404297,-927.4305419921875,285.7524719238281
Stationary,,,-203.32412719726562,-927.3956909179688,285.0096130371094
Stationary,,,-204.6531524658203,-926.9779663085938,285.342041015625
Stationary,,,-206.20623779296875,-926.4630126953125,286.349853515625
Stationary,,,-207.6279296875,-926.1085815429688,287.03619384765625
Stationary,,,-208.0131072998047,-925.7611694335938,286.444091796875
Stationary,,,-206.71487426757812,-925.2632446289062,284.4073486328125
Stationary,,,-203.97288513183594,-925.0505981445312,281.5942687988281
Stationary,,,-200.4879913330078,-925.7486572265625,278.97650146484375
Stationary,,,-197.19378662109375,-927.4107666015625,277.3541564941406
Stationary,,,-195.03712463378906,-929.3604125976562,277.1591491699219
Stationary,,,-194.91421508789062,-930.7561645507812,278.3343811035156
Stationary,,,-197.2758026123047,-931.2379150390625,280.51507568359375
Stationary,,,-201.67306518554688,-930.9802856445312,283.2410583496094
Stationary,,,-206.90354919433594,-930.2841796875,285.96856689453125
Stationary,,,-211.54481506347656,-929.310546875,288.10430908203125
Stationary,,,-214.56689453125,-928.2376098632812,289.1926574707031
Stationary,,,-215.23367309570312,-927.298583984375,289.1390075683594
Stationary,,,-213.2072296142578,-926.562255859375,288.2332763671875
Stationary,,,-209.07260131835938,-925.9497680664062,287.07379150390625
Stationary,,,-204.5511474609375,-925.51416015625,286.3475646972656
Stationary,,,-201.73995971679688,-925.5174560546875,286.5038146972656
Stationary,,,-201.64358520507812,-926.0565185546875,287.4778137207031
Stationary,,,-203.66455078125,-926.8860473632812,288.7486572265625
Stationary,,,-206.3313446044922,-927.6842651367188,289.5519104003906
Stationary,,,-208.4070281982422,-928.2430419921875,289.2695007324219
Stationary,,,-209.3625946044922,-928.5150756835938,287.78533935546875
Stationary,,,-209.2379150390625,-928.5390014648438,285.60400390625
Stationary,,,-208.40310668945312,-928.5265502929688,283.6058044433594
Stationary,,,-207.27655029296875,-928.8515625,282.607421875
Stationary,,,-206.01425170898438,-929.6504516601562,283.04498291015625
Stationary,,,-204.67311096191406,-930.4908447265625,284.79229736328125
Stationary,,,-203.47930908203125,-930.5022583007812,287.2661437988281
Stationary,,,-202.5680389404297,-929.1009521484375,289.59747314453125
Stationary,,,-201.95851135253906,-926.674072265625,291.03948974609375
Stationary,,,-201.682373046875,-924.4580688476562,291.2895202636719
Stationary,,,-201.81387329101562,-923.6285400390625,290.5039367675781
Stationary,,,-202.3282012939453,-924.41748046875,289.1212158203125
Stationary,,,-203.0112762451172,-926.1751098632812,287.66595458984375
Stationary,,,-203.77613830566406,-928.1471557617188,286.7828369140625
Stationary,,,-204.87274169921875,-930.0311279296875,286.9685974121094
Stationary,,,-206.57171630859375,-931.7057495117188,288.1559753417969
Stationary,,,-208.7935791015625,-932.859619140625,289.7270812988281
Stationary,,,-210.951904296875,-933.1771240234375,290.9840393066406
Stationary,,,-212.0716552734375,-932.6948852539062,291.6155700683594
Stationary,,,-211.30079650878906,-931.7463989257812,291.6287536621094
Stationary,,,-208.48294067382812,-930.638427734375,291.05645751953125
Stationary,,,-204.36077880859375,-929.517578125,289.93603515625
Stationary,,,-200.134521484375,-928.2820434570312,288.5851745605469
Stationary,,,-197.02706909179688,-926.8253784179688,287.6722106933594
Stationary,,,-195.89622497558594,-925.3784790039062,287.79010009765625
Stationary,,,-196.9035186767578,-924.3926391601562,288.8245544433594
Stationary,,,-199.53985595703125,-924.1383666992188,289.9620056152344
Stationary,,,-203.10562133789062,-924.5562133789062,290.4084777832031
Stationary,,,-207.00616455078125,-925.5289306640625,289.926513671875
Stationary,,,-210.45933532714844,-926.8336181640625,288.7470703125
Stationary,,,-212.6853485107422,-927.9617309570312,287.13385009765625
Stationary,,,-213.38404846191406,-928.4645385742188,285.3138427734375
Stationary,,,-212.83380126953125,-928.3697509765625,283.7042236328125
Stationary,,,-211.7336883544922,-928.1494140625,282.90899658203125
Stationary,,,-210.83697509765625,-928.231201171875,283.3188781738281
Stationary,,,-210.63394165039062,-928.5530395507812,284.7278747558594
Stationary,,,-211.05783081054688,-928.6705322265625,286.4898376464844
Stationary,,,-211.55972290039062,-928.2022705078125,287.9337463378906
Stationary,,,-211.4115753173828,-927.1830444335938,288.627197265625
Stationary,,,-209.99417114257812,-925.8921508789062,288.4422302246094
Stationary,,,-207.38108825683594,-924.51513671875,287.594482421875
Stationary,,,-204.3459930419922,-923.2089233398438,286.602783203125
Stationary,,,-201.92738342285156,-922.2472534179688,286.0118103027344
Stationary,,,-201.01956176757812,-922.0035400390625,286.146728515625
Stationary,,,-202.01602172851562,-922.6714477539062,287.0090026855469
Stationary,,,-204.59207153320312,-924.0642700195312,288.2411193847656
Stationary,,,-207.65292358398438,-925.7279663085938,289.3092346191406
Stationary,,,-209.98744201660156,-927.1317749023438,289.6878662109375
Stationary,,,-210.98751831054688,-927.8831176757812,289.0560302734375
Stationary,,,-210.6122283935547,-927.8803100585938,287.52618408203125
Stationary,,,-209.38539123535156,-927.4663696289062,285.7110290527344
Stationary,,,-208.14584350585938,-927.3618774414062,284.5130615234375
Stationary,,,-207.31716918945312,-928.020263671875,284.4614562988281
Stationary,,,-206.5747833251953,-929.1737670898438,285.3826904296875
Stationary,,,-205.505615234375,-930.1419067382812,286.64459228515625
Stationary,,,-204.26026916503906,-930.5225830078125,287.70977783203125
Stationary,,,-203.3409423828125,-930.3818359375,288.391357421875
Stationary,,,-203.08583068847656,-929.89892578125,288.7362060546875
Stationary,,,-203.58157348632812,-929.2611083984375,288.9324035644531
Stationary,,,-204.67303466796875,-928.68408203125,289.1654357910156
Stationary,,,-205.70921325683594,-928.3427734375,289.4979553222656
Stationary,,,-206.14854431152344,-928.2096557617188,289.83984375
Stationary,,,-206.2604522705078,-928.1871337890625,290.1390075683594
Stationary,,,-206.83822631835938,-928.305908203125,290.45452880859375
Stationary,,,-208.1143341064453,-928.587158203125,290.8344421386719
Stationary,,,-209.24472045898438,-928.8118286132812,291.1259460449219
Stationary,,,-209.1407470703125,-928.6349487304688,291.1077880859375
Stationary,,,-207.4932098388672,-928.0667724609375,290.70928955078125
Stationary,,,-205.02029418945312,-927.5364990234375,290.0204772949219
Stationary,,,-202.8093719482422,-927.4795532226562,289.2515869140625
Stationary,,,-201.63800048828125,-927.8963623046875,288.5982971191406
Stationary,,,-201.79367065429688,-928.4302978515625,288.2400817871094
Stationary,,,-203.14163208007812,-928.7880859375,288.2897033691406
Stationary,,,-205.20773315429688,-928.9190673828125,288.6199035644531
Stationary,,,-207.1117401123047,-928.891845703125,288.8628845214844
Stationary,,,-208.1876220703125,-928.8125610351562,288.6669921875
Stationary,,,-208.36338806152344,-928.822021484375,287.97882080078125
Stationary,,,-207.78848266601562,-928.9559326171875,287.03509521484375
Stationary,,,-206.68112182617188,-928.9955444335938,286.0947570800781
Stationary,,,-205.32443237304688,-928.6621704101562,285.35888671875
Stationary,,,-204.2389678955078,-928.0166015625,285.05218505859375
Stationary,,,-203.8819580078125,-927.4503173828125,285.3705139160156
Stationary,,,-204.28201293945312,-927.3430786132812,286.2529296875
Stationary,,,-205.04373168945312,-927.6902465820312,287.227783203125
Stationary,,,-205.5968475341797,-928.1284790039062,287.7043762207031
Stationary,,,-205.45057678222656,-928.269775390625,287.4053955078125
Stationary,,,-204.3514862060547,-927.9482421875,286.5679016113281
Stationary,,,-202.50291442871094,-927.257080078125,285.75897216796875
Stationary,,,-200.56101989746094,-926.4549560546875,285.44390869140625
Stationary,,,-199.300537109375,-925.8533325195312,285.7336120605469
Stationary,,,-199.0137176513672,-925.7489013671875,286.4376525878906
Stationary,,,-199.51295471191406,-926.3571166992188,287.31390380859375
Stationary,,,-200.52676391601562,-927.617919921875,288.1164245605469
Stationary,,,-201.86766052246094,-929.09326171875,288.5556640625
Stationary,,,-203.51385498046875,-930.207763671875,288.44793701171875
Stationary,,,-205.3340301513672,-930.7109375,287.7929992675781
Stationary,,,-206.75283813476562,-930.7150268554688,286.7169494628906
Stationary,,,-207.0624542236328,-930.3448486328125,285.3845520019531
Stationary,,,-206.38343811035156,-929.7313232421875,284.1634216308594
Stationary,,,-205.51023864746094,-929.0642700195312,283.6219482421875
Stationary,,,-205.06716918945312,-928.4382934570312,284.1385192871094
Stationary,,,-205.34591674804688,-927.7562255859375,285.5379333496094
Stationary,,,-206.47592163085938,-926.8704833984375,287.1105041503906
Stationary,,,-208.40304565429688,-925.948974609375,288.09747314453125
Stationary,,,-210.35643005371094,-925.4171142578125,288.06658935546875
Stationary,,,-211.1213836669922,-925.7103271484375,287.0235900878906
Stationary,,,-209.681640625,-926.9472045898438,285.34344482421875
Stationary,,,-206.0368194580078,-928.85693359375,283.665283203125
Stationary,,,-201.62322998046875,-931.0326538085938,282.7589416503906
Stationary,,,-198.41928100585938,-932.9819946289062,283.1085510253906
Stationary,,,-197.9130859375,-934.1882934570312,284.6385803222656
Stationary,,,-200.25848388671875,-934.2766723632812,286.76947021484375
Stationary,,,-204.3179931640625,-933.366455078125,288.7664489746094
Stationary,,,-208.03627014160156,-931.9833984375,290.0585632324219
Stationary,,,-209.31639099121094,-930.4901123046875,290.2400817871094
Stationary,,,-207.33645629882812,-928.6893310546875,289.24285888671875
Stationary,,,-202.95533752441406,-926.2657470703125,287.6357727050781
Stationary,,,-197.99415588378906,-923.5511474609375,286.60577392578125
Stationary,,,-194.0909423828125,-921.5525512695312,287.2148742675781
Stationary,,,-192.04689025878906,-921.1495361328125,289.46160888671875
Stationary,,,-191.78680419921875,-922.3992919921875,292.1502990722656
Stationary,,,-192.9256591796875,-924.8003540039062,293.74444580078125
Stationary,,,-195.06787109375,-927.783935546875,293.478271484375
Stationary,,,-198.19593811035156,-930.8525390625,291.5332946777344
Stationary,,,-202.1687469482422,-933.3803100585938,288.6132507324219
Stationary,,,-206.0890655517578,-934.70166015625,285.538330078125
Stationary,,,-208.8969268798828,-934.671630859375,282.9628601074219
Stationary,,,-209.94203186035156,-933.8050537109375,281.4069519042969
Stationary,,,-209.47891235351562,-932.8215942382812,281.20697021484375
Stationary,,,-208.53494262695312,-932.172607421875,282.602783203125
Stationary,,,-208.0291748046875,-931.8173828125,285.4701843261719
Stationary,,,-207.94247436523438,-931.1710205078125,288.9698791503906
Stationary,,,-207.538330078125,-929.4273681640625,291.8258361816406
Stationary,,,-206.28271484375,-926.391357421875,293.0622253417969
Stationary,,,-204.37538146972656,-922.943115234375,292.6100769042969
Stationary,,,-202.36257934570312,-920.48583984375,291.14996337890625
Stationary,,,-200.89346313476562,-919.930419921875,289.6405944824219
Stationary,,,-200.5629119873047,-921.2137451171875,288.7652893066406
Stationary,,,-201.37353515625,-923.5366821289062,288.6867370605469
Stationary,,,-202.97254943847656,-926.00927734375,289.13885498046875
Stationary,,,-205.0265350341797,-928.1362915039062,289.8159484863281
Stationary,,,-207.26361083984375,-929.7206420898438,290.5102233886719
Stationary,,,-209.2716827392578,-930.5628051757812,290.96124267578125
Stationary,,,-210.4038543701172,-930.5145874023438,290.8329162597656
Stationary,,,-210.1693878173828,-929.7401733398438,289.9440002441406
Stationary,,,-208.4346466064453,-928.638916015625,288.4519348144531
Stationary,,,-205.55120849609375,-927.5095825195312,286.74322509765625
Stationary,,,-202.4344024658203,-926.4539794921875,285.4119567871094
Stationary,,,-200.0733642578125,-925.5475463867188,285.0137939453125
Stationary,,,-199.14442443847656,-924.932373046875,285.7088317871094
Stationary,,,-199.7212677001953,-924.8736572265625,287.0809020996094
Stationary,,,-201.2340545654297,-925.6353759765625,288.3957824707031
Stationary,,,-202.898193359375,-927.1612548828125,288.9753112792969
Stationary,,,-203.9921112060547,-928.8333740234375,288.44097900390625
Stationary,,,-204.181884765625,-929.8718872070312,286.89141845703125
Stationary,,,-203.71893310546875,-930.19384765625,284.9058532714844
Stationary,,,-203.2240753173828,-930.4369506835938,283.3180236816406
Stationary,,,-203.24880981445312,-931.2109985351562,282.7566223144531
Stationary,,,-203.67291259765625,-932.3311157226562,283.26885986328125
Stationary,,,-203.80148315429688,-933.0458374023438,284.409423828125
Stationary,,,-203.22021484375,-932.8671875,285.6564636230469
Stationary,,,-202.0544891357422,-931.8333129882812,286.6855773925781
Stationary,,,-200.6537628173828,-930.2622680664062,287.2989501953125
Stationary,,,-199.29400634765625,-928.3690795898438,287.3121643066406
Stationary,,,-198.0813751220703,-926.3394165039062,286.7424011230469
Stationary,,,-196.9783935546875,-924.5298461914062,285.91290283203125
Stationary,,,-196.02713012695312,-923.3612670898438,285.38897705078125
Stationary,,,-195.66343688964844,-923.1837768554688,285.67535400390625
Stationary,,,-196.48880004882812,-924.08837890625,286.825439453125
Stationary,,,-198.6699981689453,-925.8231201171875,288.37860107421875
Stationary,,,-201.63754272460938,-927.8941650390625,289.59674072265625
Stationary,,,-204.37176513671875,-929.6427612304688,289.9996643066406
Stationary,,,-206.0325164794922,-930.5291748046875,289.60443115234375
Stationary,,,-206.2947540283203,-930.3961791992188,288.8534240722656
Stationary,,,-205.28952026367188,-929.5390625,288.2862854003906
Stationary,,,-203.62940979003906,-928.5170288085938,288.2333068847656
Stationary,,,-202.2727508544922,-927.81787109375,288.8724060058594
Stationary,,,-201.99717712402344,-927.7202758789062,290.2117919921875
Stationary,,,-202.83895874023438,-928.2615356445312,292.0580139160156
Stationary,,,-204.0973663330078,-929.1837768554688,293.8851318359375
Stationary,,,-204.88900756835938,-930.052978515625,295.0155334472656
Stationary,,,-204.50489807128906,-930.5097045898438,295.0059509277344
Stationary,,,-202.8137969970703,-930.426025390625,293.9365234375
Stationary,,,-200.50799560546875,-929.9489135742188,292.4136962890625
Stationary,,,-198.52667236328125,-929.377197265625,291.1037292480469
Stationary,,,-197.37100219726562,-928.9559936523438,290.3947448730469
Stationary,,,-197.08465576171875,-928.7949829101562,290.3670654296875
Stationary,,,-197.45480346679688,-928.9467163085938,290.8666687011719
Stationary,,,-198.04225158691406,-929.4131469726562,291.47601318359375
Stationary,,,-198.29244995117188,-929.945068359375,291.58477783203125
Stationary,,,-197.81304931640625,-930.050048828125,290.69525146484375
Stationary,,,-196.6661376953125,-929.432861328125,288.7739562988281
Stationary,,,-195.29595947265625,-928.4207763671875,286.3428955078125
Stationary,,,-194.30471801757812,-927.7127685546875,284.19927978515625
Stationary,,,-194.27328491210938,-927.8677978515625,283.0118103027344
Stationary,,,-195.4308319091797,-928.975830078125,283.0456848144531
Stationary,,,-197.54322814941406,-930.591552734375,284.0400085449219
Stationary,,,-200.01329040527344,-931.9453735351562,285.31378173828125
Stationary,,,-202.1336212158203,-932.3119506835938,286.0342102050781
Stationary,,,-203.3878173828125,-931.5723876953125,285.726318359375
Stationary,,,-203.50375366210938,-930.293701171875,284.512939453125
Stationary,,,-202.54177856445312,-929.275634765625,282.92352294921875
Stationary,,,-201.01138305664062,-929.0435180664062,281.6549072265625
Stationary,,,-199.5685272216797,-929.6340942382812,281.1815185546875
Stationary,,,-198.60552978515625,-930.6416015625,281.53436279296875
Stationary,,,-198.18084716796875,-931.4483642578125,282.29705810546875
Stationary,,,-198.263671875,-931.5436401367188,282.94793701171875
Stationary,,,-198.77467346191406,-930.752685546875,283.0957336425781
Stationary,,,-199.36181640625,-929.255126953125,282.63739013671875
Stationary,,,-199.69552612304688,-927.3923950195312,281.9469299316406
Stationary,,,-199.81085205078125,-925.634765625,281.7048034667969
Stationary,,,-199.8995361328125,-924.4654541015625,282.29620361328125
Stationary,,,-199.96458435058594,-924.09521484375,283.3329772949219
Stationary,,,-199.7275848388672,-924.3046875,284.06170654296875
Stationary,,,-199.09523010253906,-924.7931518554688,284.0675354003906
Stationary,,,-198.3424530029297,-925.7138671875,283.5091857910156
Stationary,,,-197.83880615234375,-927.4098510742188,282.81134033203125
Stationary,,,-198.0033721923828,-929.84814453125,282.4090270996094
Stationary,,,-199.23487854003906,-932.4178466796875,282.7072448730469
Stationary,,,-201.84320068359375,-934.3733520507812,284.006103515625
Stationary,,,-205.45416259765625,-935.1522827148438,286.1485290527344
Stationary,,,-208.74656677246094,-934.3814697265625,288.36236572265625
Stationary,,,-210.3877410888672,-932.2118530273438,289.8037109375
Stationary,,,-209.96722412109375,-929.3873291015625,290.2150573730469
Stationary,,,-208.0538330078125,-926.9507446289062,290.0833740234375
Stationary,,,-205.63278198242188,-925.5941772460938,290.1751403808594
Stationary,,,-203.61427307128906,-925.4156494140625,291.0233459472656
Stationary,,,-202.45582580566406,-926.2091674804688,292.6270751953125
Stationary,,,-201.94369506835938,-927.636962890625,294.4582824707031
Stationary,,,-201.51376342773438,-929.2904663085938,295.7411193847656
Stationary,,,-200.75416564941406,-930.7005615234375,295.7749328613281
Stationary,,,-199.54067993164062,-931.4973754882812,294.3222961425781
Stationary,,,-198.11610412597656,-931.4853515625,291.8085021972656
Stationary,,,-197.18231201171875,-930.7549438476562,289.13311767578125
Stationary,,,-197.41770935058594,-929.7964477539062,287.06927490234375
Stationary,,,-198.5673370361328,-929.2835693359375,285.8565673828125
Stationary,,,-199.69293212890625,-929.661376953125,285.3428955078125
Stationary,,,-200.1069793701172,-930.7449951171875,285.2712707519531
Stationary,,,-199.7316436767578,-931.79443359375,285.40924072265625
Stationary,,,-199.0254364013672,-932.0507202148438,285.5390319824219
Stationary,,,-198.53421020507812,-931.260986328125,285.5054016113281
Stationary,,,-198.58023071289062,-929.7274780273438,285.3241882324219
Stationary,,,-199.0810089111328,-927.9803466796875,285.1986083984375
Stationary,,,-199.53762817382812,-926.5469360351562,285.34619140625
Stationary,,,-199.48402404785156,-925.8660278320312,285.7586669921875
Stationary,,,-198.78265380859375,-926.21923828125,286.22265625
Stationary,,,-197.89466857910156,-927.5538330078125,286.5358581542969
Stationary,,,-197.6073455810547,-929.3663940429688,286.6111755371094
Stationary,,,-198.24728393554688,-930.816162109375,286.4017639160156
Stationary,,,-199.5737762451172,-931.22802734375,285.8486328125
Stationary,,,-201.09698486328125,-930.62158203125,285.0587158203125
Stationary,,,-202.48793029785156,-929.6055908203125,284.33795166015625
Stationary,,,-203.6259765625,-928.7788696289062,284.0259704589844
Stationary,,,-204.54928588867188,-928.3839721679688,284.19342041015625
Stationary,,,-205.24986267089844,-928.3677978515625,284.58160400390625
Stationary,,,-205.40322875976562,-928.4217529296875,284.8607482910156
Stationary,,,-204.8076171875,-928.2120361328125,284.9004821777344
Stationary,,,-203.77120971679688,-927.6314086914062,284.8905029296875
Stationary,,,-202.92320251464844,-926.877685546875,285.0003356933594
Stationary,,,-202.7119140625,-926.3267211914062,285.1330261230469
Stationary,,,-203.18231201171875,-926.251708984375,284.9805603027344
Stationary,,,-204.20872497558594,-926.8535766601562,284.3227233886719
Stationary,,,-205.5355224609375,-928.1058959960938,283.2585754394531
Stationary,,,-206.87046813964844,-929.6137084960938,282.0511474609375
Stationary,,,-207.9608917236328,-930.8590087890625,280.9371032714844
Stationary,,,-208.54653930664062,-931.4285278320312,279.98492431640625
Stationary,,,-208.36959838867188,-931.235595703125,279.1557312011719
Stationary,,,-207.13438415527344,-930.3881225585938,278.5042724609375
Stationary,,,-204.95077514648438,-929.260986328125,278.3342590332031
Stationary,,,-202.374755859375,-928.4113159179688,278.99273681640625
Stationary,,,-199.88360595703125,-928.0771484375,280.4771423339844
Stationary,,,-197.76486206054688,-928.0728759765625,282.31732177734375
Stationary,,,-196.1295166015625,-928.01123046875,283.81884765625
Stationary,,,-195.1884765625,-927.8768310546875,284.5868225097656
Stationary,,,-195.19830322265625,-928.081298828125,284.7333984375
Stationary,,,-196.0975341796875,-928.9860229492188,284.7755126953125
Stationary,,,-197.57501220703125,-930.5220947265625,285.19549560546875
Stationary,,,-199.08673095703125,-932.0999145507812,286.14349365234375
Stationary,,,-200.15121459960938,-933.0547485351562,287.5299987792969
Stationary,,,-200.66867065429688,-933.03515625,289.17254638671875
Stationary,,,-200.79861450195312,-932.1754760742188,290.92242431640625
Stationary,,,-200.72047424316406,-930.9739990234375,292.5740661621094
Stationary,,,-200.37916564941406,-929.8745727539062,293.8467102050781
Stationary,,,-199.696044921875,-929.126220703125,294.50177001953125
Stationary,,,-198.98056030273438,-928.8385009765625,294.49200439453125
Stationary,,,-198.8444061279297,-928.9683227539062,293.92816162109375
Stationary,,,-199.8592987060547,-929.278564453125,292.95513916015625
Stationary,,,-202.23382568359375,-929.5323486328125,291.8019104003906
Stationary,,,-205.67703247070312,-929.763671875,290.7294006347656
Stationary,,,-209.3914337158203,-930.1126708984375,289.84771728515625
Stationary,,,-212.21466064453125,-930.5504760742188,289.0624084472656
Stationary,,,-213.2687530517578,-930.813720703125,288.13604736328125
Stationary,,,-212.17982482910156,-930.525390625,286.8873291015625
Stationary,,,-209.2833251953125,-929.5147705078125,285.360107421875
Stationary,,,-205.6938018798828,-928.10205078125,283.8471984863281
Stationary,,,-202.76950073242188,-926.9317626953125,282.66119384765625
Stationary,,,-201.61691284179688,-926.4668579101562,281.8011779785156
Stationary,,,-202.4261932373047,-926.7443237304688,281.095947265625
Stationary,,,-204.4823760986328,-927.416748046875,280.30340576171875
Stationary,,,-206.3535919189453,-927.9030151367188,279.17529296875
Stationary,,,-206.6385040283203,-927.6874389648438,277.65484619140625
Stationary,,,-205.1321258544922,-926.7655639648438,276.1033020019531
Stationary,,,-202.83985900878906,-925.788818359375,275.18145751953125
Stationary,,,-200.90220642089844,-925.5470581054688,275.2474365234375
Stationary,,,-199.80227661132812,-926.41455078125,276.2307434082031
Stationary,,,-199.542236328125,-928.194580078125,277.8140563964844
Stationary,,,-199.9241485595703,-930.3221435546875,279.6064147949219
Stationary,,,-200.53948974609375,-932.1177368164062,281.1002197265625
Stationary,,,-200.8160858154297,-932.96875,281.8055114746094
Stationary,,,-200.4598846435547,-932.5848999023438,281.6437683105469
Stationary,,,-199.6714630126953,-931.223876953125,281.071044921875
Stationary,,,-199.0150909423828,-929.7284545898438,280.8691101074219
Stationary,,,-198.9001007080078,-928.9618530273438,281.5381774902344
Stationary,,,-199.30128479003906,-929.1589965820312,282.97418212890625
Stationary,,,-199.97866821289062,-929.8529663085938,284.5726318359375
Stationary,,,-200.63345336914062,-930.4085083007812,285.64453125
Stationary,,,-201.0029296875,-930.53662109375,285.8023681640625
Stationary,,,-200.94091796875,-930.31103515625,285.078369140625
Stationary,,,-200.55458068847656,-930.0043334960938,283.9031677246094
Stationary,,,-200.13421630859375,-929.9869384765625,282.81622314453125
Stationary,,,-199.90907287597656,-930.5428466796875,282.2742919921875
Stationary,,,-200.16908264160156,-931.7251586914062,282.4967041015625
Stationary,,,-201.21397399902344,-933.2681274414062,283.37384033203125
Stationary,,,-202.94049072265625,-934.5546264648438,284.4364318847656
Stationary,,,-204.71128845214844,-934.9732055664062,285.01800537109375
Stationary,,,-205.5524139404297,-934.2664794921875,284.64544677734375
Stationary,,,-204.80484008789062,-932.734619140625,283.3189697265625
Stationary,,,-202.5340118408203,-931.0077514648438,281.60040283203125
Stationary,,,-199.6939239501953,-929.724609375,280.3055725097656
Stationary,,,-197.81150817871094,-929.2960815429688,280.0048522949219
Stationary,,,-198.02821350097656,-929.661865234375,280.6228942871094
Stationary,,,-200.26332092285156,-930.4090576171875,281.5172424316406
Stationary,,,-203.36343383789062,-931.0068359375,282.0304870605469
Stationary,,,-206.1629180908203,-931.0880126953125,281.9469909667969
Stationary,,,-208.14324951171875,-930.4849853515625,281.5428466796875
Stationary,,,-209.4464874267578,-929.3517456054688,281.1371765136719
Stationary,,,-209.9527587890625,-927.9967041015625,280.64703369140625
Stationary,,,-208.88058471679688,-926.6256103515625,279.8383483886719
Stationary,,,-205.8836669921875,-925.661865234375,278.91253662109375
Stationary,,,-201.63897705078125,-925.7965698242188,278.408935546875
Stationary,,,-197.59384155273438,-927.535400390625,278.4671630859375
Stationary,,,-195.03204345703125,-930.4013061523438,278.6551818847656
Stationary,,,-194.5750732421875,-933.1178588867188,278.6700744628906
Stationary,,,-196.208984375,-934.628662109375,278.8648681640625
Stationary,,,-199.06349182128906,-934.561279296875,279.8101806640625
Stationary,,,-202.22787475585938,-933.281005859375,281.56640625
Stationary,,,-205.22119140625,-931.5831298828125,283.54693603515625
Stationary,,,-207.67526245117188,-930.2518920898438,284.9600830078125
Stationary,,,-209.02322387695312,-929.6182861328125,285.45599365234375
Stationary,,,-208.789794921875,-929.541748046875,285.4048767089844
Stationary,,,-207.26315307617188,-929.7977905273438,285.4936828613281
Stationary,,,-205.2340545654297,-930.208740234375,285.96551513671875
Stationary,,,-203.26913452148438,-930.6065673828125,286.40045166015625
Stationary,,,-201.37796020507812,-930.8650512695312,286.18865966796875
Stationary,,,-199.35130310058594,-931.033203125,285.26385498046875
Stationary,,,-197.25990295410156,-931.2394409179688,284.0715026855469
Stationary,,,-195.4624481201172,-931.4906005859375,283.0164489746094
Stationary,,,-194.4699249267578,-931.6520385742188,282.2624206542969
Stationary,,,-194.9449920654297,-931.6485595703125,281.8699645996094
Stationary,,,-197.29086303710938,-931.6460571289062,281.8983459472656
Stationary,,,-201.07125854492188,-931.8555297851562,282.2454528808594
Stationary,,,-204.8892364501953,-932.265380859375,282.6207580566406
Stationary,,,-207.2171173095703,-932.6064453125,282.6696472167969
Stationary,,,-207.3971710205078,-932.6130981445312,282.1562194824219
Stationary,,,-205.87789916992188,-932.24951171875,281.0743103027344
Stationary,,,-203.83871459960938,-931.663818359375,279.7655944824219
Stationary,,,-202.6137237548828,-930.9658813476562,278.76312255859375
Stationary,,,-203.1052703857422,-930.1238403320312,278.43975830078125
Stationary,,,-205.31109619140625,-929.169677734375,278.8279724121094
Stationary,,,-208.21078491210938,-928.3358764648438,279.58624267578125
Stationary,,,-210.2965545654297,-927.92041015625,280.1634826660156
Stationary,,,-210.44851684570312,-927.9393310546875,279.9930114746094
Stationary,,,-208.3628692626953,-928.0692138671875,278.67254638671875
Stationary,,,-204.64511108398438,-928.0302734375,276.3302307128906
Stationary,,,-200.484375,-927.9379272460938,273.7802429199219
Stationary,,,-197.23138427734375,-928.2451171875,272.0892639160156
Stationary,,,-195.96707153320312,-929.18115234375,271.8901062011719
Stationary,,,-197.05116271972656,-930.5098876953125,273.06329345703125
Stationary,,,-200.1053466796875,-931.7998046875,275.10235595703125
Stationary,,,-203.88180541992188,-932.6826171875,277.39324951171875
Stationary,,,-206.63040161132812,-932.9166870117188,279.2826843261719
Stationary,,,-206.9934539794922,-932.3595581054688,280.3134765625
Stationary,,,-204.73947143554688,-931.1929321289062,280.4969787597656
Stationary,,,-200.89865112304688,-930.0385131835938,280.37176513671875
Stationary,,,-196.9732208251953,-929.5571899414062,280.6087341308594
Stationary,,,-194.2771759033203,-929.9534301757812,281.5434875488281
Stationary,,,-193.49819946289062,-930.8031005859375,282.9928894042969
Stationary,,,-194.60302734375,-931.5277709960938,284.4455871582031
Stationary,,,-197.09693908691406,-931.9052124023438,285.3388977050781
Stationary,,,-200.30921936035156,-932.0068969726562,285.394775390625
Stationary,,,-203.74217224121094,-931.9629516601562,284.802490234375
Stationary,,,-207.07496643066406,-931.9042358398438,284.07110595703125
Stationary,,,-209.9228057861328,-932.0849609375,283.67730712890625
Stationary,,,-211.57662963867188,-932.6737670898438,283.7270812988281
Stationary,,,-211.33265686035156,-933.4265747070312,283.9771423339844
Stationary,,,-209.20558166503906,-933.856689453125,284.1260681152344
Stationary,,,-206.1226043701172,-933.6677856445312,284.0467529296875
Stationary,,,-203.37612915039062,-932.929931640625,283.8372497558594
Stationary,,,-201.87860107421875,-931.8681640625,283.70928955078125
Stationary,,,-201.83140563964844,-930.615966796875,283.86871337890625
Stationary,,,-202.61094665527344,-929.2584228515625,284.40521240234375
Stationary,,,-203.0797119140625,-928.0665283203125,285.1401062011719
Stationary,,,-202.4611358642578,-927.5551147460938,285.7633056640625
Stationary,,,-200.97055053710938,-928.0977172851562,286.11260986328125
Stationary,,,-199.55670166015625,-929.47412109375,286.23187255859375
Stationary,,,-199.16416931152344,-930.8958740234375,286.2055358886719
Stationary,,,-199.9520263671875,-931.633056640625,286.02001953125
Stationary,,,-201.3078155517578,-931.5244750976562,285.67578125
Stationary,,,-202.28604125976562,-931.0208740234375,285.2364501953125
Stationary,,,-202.17112731933594,-930.7561645507812,284.72772216796875
Stationary,,,-201.02244567871094,-931.0360717773438,284.1401672363281
Stationary,,,-199.53228759765625,-931.7277221679688,283.4271240234375
Stationary,,,-198.60992431640625,-932.384765625,282.5057067871094
Stationary,,,-198.654052734375,-932.6488037109375,281.3279724121094
Stationary,,,-199.4140167236328,-932.4471435546875,280.0145263671875
Stationary,,,-200.4053497314453,-931.9724731445312,278.9324645996094
Stationary,,,-201.24258422851562,-931.5369873046875,278.3907470703125
Stationary,,,-201.75401306152344,-931.2697143554688,278.36865234375
Stationary,,,-201.96009826660156,-931.0574340820312,278.5277099609375
Stationary,,,-202.1086883544922,-930.7327270507812,278.44573974609375
Stationary,,,-202.4813232421875,-930.3756103515625,277.9684143066406
Stationary,,,-203.12921142578125,-930.2810668945312,277.2253723144531
Stationary,,,-203.78265380859375,-930.4837646484375,276.5405578613281
Stationary,,,-204.14056396484375,-930.6714477539062,276.1806335449219
Stationary,,,-203.99642944335938,-930.4605712890625,276.1658935546875
Stationary,,,-203.19956970214844,-929.6953125,276.3714599609375
Stationary,,,-201.83642578125,-928.5780639648438,276.6429138183594
Stationary,,,-200.31402587890625,-927.4532470703125,276.92791748046875
Stationary,,,-199.4149932861328,-926.6896362304688,277.1821594238281
Stationary,,,-199.74252319335938,-926.6163940429688,277.35430908203125
Stationary,,,-201.0785369873047,-927.3981323242188,277.4732360839844
Stationary,,,-202.78244018554688,-928.859130859375,277.5699462890625
Stationary,,,-204.22288513183594,-930.4381713867188,277.62652587890625
Stationary,,,-205.1537322998047,-931.5094604492188,277.5896911621094
Stationary,,,-205.61814880371094,-931.83935546875,277.55523681640625
Stationary,,,-205.6006317138672,-931.6600952148438,277.79693603515625
Stationary,,,-205.06723022460938,-931.3638305664062,278.4822082519531
Stationary,,,-203.8018798828125,-931.1285400390625,279.5379333496094
Stationary,,,-201.8759307861328,-930.8419189453125,280.7708740234375
Stationary,,,-199.8407440185547,-930.4140625,282.0435791015625
Stationary,,,-198.2779998779297,-929.908935546875,283.1859130859375
Stationary,,,-197.5203857421875,-929.5139770507812,283.868408203125
Stationary,,,-197.47557067871094,-929.40576171875,283.795166015625
Stationary,,,-197.81796264648438,-929.6385498046875,282.9883728027344
Stationary,,,-198.2962188720703,-930.1343994140625,281.82012939453125
Stationary,,,-199.01956176757812,-930.6695556640625,280.8024597167969
Stationary,,,-200.4580841064453,-931.2041015625,280.38177490234375
Stationary,,,-202.75540161132812,-931.9049072265625,280.6900634765625
Stationary,,,-205.27191162109375,-932.8605346679688,281.4664306640625
Stationary,,,-206.95777893066406,-933.9519653320312,282.16668701171875
Stationary,,,-206.95257568359375,-934.8792114257812,282.2960510253906
Stationary,,,-205.18934631347656,-935.3610229492188,281.72357177734375
Stationary,,,-202.24444580078125,-935.1045532226562,280.67425537109375
Stationary,,,-199.18984985351562,-934.0280151367188,279.5816955566406
Stationary,,,-197.24227905273438,-932.5684204101562,278.79461669921875
Stationary,,,-197.02105712890625,-931.4702758789062,278.484619140625
Stationary,,,-198.4676971435547,-931.2023315429688,278.7227783203125
Stationary,,,-200.85757446289062,-931.4705200195312,279.4558410644531
Stationary,,,-203.24705505371094,-931.365478515625,280.3425598144531
Stationary,,,-204.77029418945312,-930.1262817382812,280.7314147949219
Stationary,,,-204.77963256835938,-927.7836303710938,280.1570129394531
Stationary,,,-203.16441345214844,-925.1806640625,278.82843017578125
Stationary,,,-200.30221557617188,-923.5308227539062,277.5278015136719
Stationary,,,-197.1190643310547,-923.76513671875,277.05096435546875
Stationary,,,-194.90191650390625,-926.0637817382812,277.63311767578125
Stationary,,,-194.56922912597656,-929.756591796875,278.8693542480469
Stationary,,,-196.27996826171875,-933.5604858398438,280.1229248046875
Stationary,,,-199.60926818847656,-936.2193603515625,281.0233459472656
Stationary,,,-203.8570556640625,-937.0689697265625,281.6870422363281
Stationary,,,-208.1720428466797,-936.2841186523438,282.3517761230469
Stationary,,,-211.507568359375,-934.6965942382812,283.05010986328125
Stationary,,,-212.9160919189453,-933.1301879882812,283.6883544921875
Stationary,,,-211.94570922851562,-931.9818115234375,284.25604248046875
Stationary,,,-208.80615234375,-931.1401977539062,284.8796081542969
Stationary,,,-204.4440155029297,-930.26904296875,285.63232421875
Stationary,,,-200.22174072265625,-929.2540283203125,286.4276428222656
Stationary,,,-197.32357788085938,-928.3451538085938,287.04632568359375
Stationary,,,-196.42953491210938,-927.9456787109375,287.2533264160156
Stationary,,,-197.6062469482422,-928.3377075195312,286.8847961425781
Stationary,,,-200.18124389648438,-929.4822387695312,285.8978576660156
Stationary,,,-202.88104248046875,-930.9573974609375,284.39788818359375
Stationary,,,-204.4912872314453,-932.1485595703125,282.5922546386719
Stationary,,,-204.83700561523438,-932.6281127929688,280.7950744628906
Stationary,,,-204.76715087890625,-932.5451049804688,279.31988525390625
Stationary,,,-204.90872192382812,-932.348388671875,278.3210144042969
Stationary,,,-205.1590118408203,-932.2803344726562,277.7820129394531
Stationary,,,-205.03659057617188,-932.2685546875,277.59283447265625
Stationary,,,-204.2148895263672,-932.1076049804688,277.6693115234375
Stationary,,,-202.79428100585938,-931.7807006835938,277.9044189453125
Stationary,,,-201.1667022705078,-931.3026733398438,278.0826416015625
Stationary,,,-200.0018310546875,-930.5592651367188,277.9732360839844
Stationary,,,-199.82571411132812,-929.4805297851562,277.4456481933594
Stationary,,,-200.5605926513672,-928.219482421875,276.6353454589844
Stationary,,,-201.7358856201172,-927.2491455078125,275.9306640625
Stationary,,,-202.92886352539062,-927.1148681640625,275.8017272949219
Stationary,,,-204.1407470703125,-928.1251831054688,276.5401916503906
Stationary,,,-205.4947509765625,-930.0577392578125,277.95751953125
Stationary,,,-206.59201049804688,-932.1409912109375,279.45281982421875
Stationary,,,-206.7802276611328,-933.5338745117188,280.4471435546875
Stationary,,,-205.8544464111328,-933.942138671875,280.86639404296875
Stationary,,,-204.2795867919922,-933.6769409179688,281.1607666015625
Stationary,,,-202.74974060058594,-933.157958984375,281.8465270996094
Stationary,,,-201.72116088867188,-932.5888671875,283.12689208984375
Stationary,,,-201.3859100341797,-931.943603515625,284.78472900390625
Stationary,,,-201.6250762939453,-931.1608276367188,286.3763732910156
Stationary,,,-202.00823974609375,-930.2568359375,287.58538818359375
Stationary,,,-201.9989471435547,-929.337158203125,288.31591796875
Stationary,,,-201.30526733398438,-928.5446166992188,288.5065612792969
Stationary,,,-200.02395629882812,-927.946044921875,287.99591064453125
Stationary,,,-198.57229614257812,-927.5413208007812,286.7500915527344
Stationary,,,-197.75411987304688,-927.4156494140625,285.1268005371094
Stationary,,,-198.28103637695312,-927.7589721679688,283.65264892578125
Stationary,,,-200.16798400878906,-928.6889038085938,282.5233154296875
Stationary,,,-202.68617248535156,-930.0656127929688,281.54412841796875
Stationary,,,-204.96534729003906,-931.5181884765625,280.480712890625
Stationary,,,-206.559326171875,-932.7749633789062,279.3416442871094
Stationary,,,-207.20396423339844,-933.6961669921875,278.3277893066406
Stationary,,,-206.7413787841797,-934.0764770507812,277.6003723144531
Stationary,,,-205.27688598632812,-933.7485961914062,277.2193603515625
Stationary,,,-203.19944763183594,-932.7672119140625,277.1713562011719
Stationary,,,-200.96229553222656,-931.42724609375,277.4247131347656
Stationary,,,-198.8987274169922,-930.0152587890625,277.9369201660156
Stationary,,,-197.312255859375,-928.7970581054688,278.5685119628906
Stationary,,,-196.5656280517578,-928.1233520507812,279.1112976074219
Stationary,,,-196.9107208251953,-928.0380249023438,279.4237365722656
Stationary,,,-198.27767944335938,-928.1495971679688,279.46197509765625
Stationary,,,-200.28204345703125,-928.072265625,279.2911682128906
Stationary,,,-202.34251403808594,-927.8941650390625,279.06396484375
Stationary,,,-203.78228759765625,-928.097412109375,278.9734191894531
Stationary,,,-204.07867431640625,-928.9541015625,279.128173828125
Stationary,,,-203.26583862304688,-930.22216796875,279.41986083984375
Stationary,,,-201.83497619628906,-931.3638916015625,279.67816162109375
Stationary,,,-200.52084350585938,-931.949462890625,279.9420166015625
Stationary,,,-199.90383911132812,-932.0,280.42791748046875
Stationary,,,-200.0450897216797,-931.7373657226562,281.1893310546875
Stationary,,,-200.60765075683594,-931.2020874023438,281.9574279785156
Stationary,,,-201.1143798828125,-930.4109497070312,282.32916259765625
Stationary,,,-201.40914916992188,-929.6336669921875,282.1469421386719
Stationary,,,-201.71597290039062,-929.3271484375,281.6501770019531
Stationary,,,-202.300048828125,-929.6535034179688,281.2496337890625
Stationary,,,-203.23876953125,-930.3091430664062,281.1988220214844
Stationary,,,-204.2078094482422,-930.8779907226562,281.4404602050781
Stationary,,,-204.7959747314453,-931.1478881835938,281.7683410644531
Stationary,,,-204.8936767578125,-931.174072265625,282.0773620605469
Stationary,,,-204.62852478027344,-931.0401000976562,282.3815612792969
Stationary,,,-204.20204162597656,-930.7233276367188,282.7244873046875
Stationary,,,-203.70135498046875,-930.24072265625,283.0512390136719
Stationary,,,-203.1764373779297,-929.764404296875,283.21923828125
Stationary,,,-202.76759338378906,-929.5921630859375,283.1628723144531
Stationary,,,-202.56690979003906,-929.8500366210938,282.9613342285156
Stationary,,,-202.54959106445312,-930.3095703125,282.7328186035156
Stationary,,,-202.53160095214844,-930.6075439453125,282.50537109375
Stationary,,,-202.23324584960938,-930.518310546875,282.2892150878906
Stationary,,,-201.5406951904297,-930.0963134765625,282.13287353515625
Stationary,,,-200.74623107910156,-929.5697631835938,282.1661682128906
Stationary,,,-200.40298461914062,-929.2010498046875,282.498291015625
Stationary,,,-200.8039093017578,-929.1566162109375,283.1250305175781
Stationary,,,-201.85523986816406,-929.3472900390625,283.9515686035156
Stationary,,,-203.2557830810547,-929.5870361328125,284.7483215332031
Stationary,,,-204.56552124023438,-929.737060546875,285.180908203125
Stationary,,,-205.3251953125,-929.7045288085938,285.0005798339844
Stationary,,,-205.322265625,-929.5155639648438,284.2619323730469
Stationary,,,-204.70852661132812,-929.2888793945312,283.3220520019531
Stationary,,,-203.7954559326172,-929.2354125976562,282.5745544433594
Stationary,,,-202.82786560058594,-929.4530029296875,282.2828674316406
Stationary,,,-202.0636749267578,-929.88232421875,282.589111328125
Stationary,,,-201.74008178710938,-930.4186401367188,283.4368591308594
Stationary,,,-201.8968048095703,-930.8399658203125,284.4298095703125
Stationary,,,-202.39971923828125,-930.9788818359375,284.98919677734375
Stationary,,,-203.04983520507812,-930.8245849609375,284.7208557128906
Stationary,,,-203.70767211914062,-930.5758056640625,283.64306640625
Stationary,,,-204.25927734375,-930.446044921875,282.1760559082031
Stationary,,,-204.53421020507812,-930.4671630859375,280.9221496582031
Stationary,,,-204.5805206298828,-930.6585083007812,280.40875244140625
Stationary,,,-204.54656982421875,-931.0678100585938,280.7308044433594
Stationary,,,-204.29542541503906,-931.5302734375,281.4530944824219
Stationary,,,-203.5348358154297,-931.657958984375,281.93890380859375
Stationary,,,-202.20143127441406,-931.190185546875,281.8509826660156
Stationary,,,-200.593994140625,-930.2051391601562,281.3677978515625
Stationary,,,-199.17938232421875,-928.9805297851562,280.93048095703125
Stationary,,,-198.44000244140625,-927.791748046875,280.7828063964844
Stationary,,,-198.6578826904297,-926.7440795898438,280.7704162597656
Stationary,,,-199.76953125,-925.8599853515625,280.7000427246094
Stationary,,,-201.29345703125,-925.384765625,280.6038818359375
Stationary,,,-202.56915283203125,-925.8632202148438,280.51556396484375
Stationary,,,-203.199462890625,-927.6868896484375,280.3111267089844
Stationary,,,-203.2327880859375,-930.5110473632812,279.86151123046875
Stationary,,,-202.90847778320312,-933.3988037109375,279.2969665527344
Stationary,,,-202.24810791015625,-935.338623046875,278.96356201171875
Stationary,,,-201.35687255859375,-935.7503051757812,279.164306640625
Stationary,,,-200.8585662841797,-934.7020874023438,280.11383056640625
Stationary,,,-201.3413543701172,-932.7362060546875,281.77044677734375
Stationary,,,-202.59628295898438,-930.531005859375,283.82342529296875
Stationary,,,-203.93983459472656,-928.5999145507812,285.8576965332031
Stationary,,,-204.98362731933594,-927.2766723632812,287.6053771972656
Stationary,,,-205.71359252929688,-926.7448120117188,289.0179443359375
Stationary,,,-205.9824981689453,-926.98974609375,289.9601135253906
Stationary,,,-205.35768127441406,-927.80908203125,290.1473083496094
Stationary,,,-203.56243896484375,-928.817626953125,289.3812255859375
Stationary,,,-200.91156005859375,-929.6504516601562,287.9263610839844
Stationary,,,-198.27774047851562,-930.1924438476562,286.3350830078125
Stationary,,,-196.6100616455078,-930.526123046875,285.0184631347656
Stationary,,,-196.5578155517578,-930.7208862304688,284.078369140625
Stationary,,,-198.287353515625,-930.8192138671875,283.4084777832031
Stationary,,,-201.3811492919922,-931.0501098632812,282.8890380859375
Stationary,,,-204.74009704589844,-931.6773681640625,282.4126892089844
Stationary,,,-206.9730987548828,-932.5068359375,281.95269775390625
Stationary,,,-207.35665893554688,-932.9082641601562,281.55487060546875
Stationary,,,-206.13418579101562,-932.495361328125,281.320556640625
Stationary,,,-204.05807495117188,-931.4159545898438,281.3409729003906
Stationary,,,-201.86451721191406,-930.0534057617188,281.72442626953125
Stationary,,,-200.03175354003906,-928.7591552734375,282.4795837402344
Stationary,,,-198.9071807861328,-927.8240356445312,283.3911437988281
Stationary,,,-198.75030517578125,-927.4747314453125,284.0850830078125
Stationary,,,-199.51885986328125,-927.7440795898438,284.17132568359375
Stationary,,,-200.74708557128906,-928.493896484375,283.5068054199219
Stationary,,,-201.79537963867188,-929.5420532226562,282.2361755371094
Stationary,,,-202.35971069335938,-930.64306640625,280.734130859375
Stationary,,,-202.43316650390625,-931.4226684570312,279.42108154296875
Stationary,,,-202.05235290527344,-931.550537109375,278.62347412109375
Stationary,,,-201.43992614746094,-931.0298461914062,278.5320739746094
Stationary,,,-201.14126586914062,-930.2946166992188,279.16741943359375
Stationary,,,-201.69290161132812,-929.7977294921875,280.3514709472656
Stationary,,,-203.09910583496094,-929.6373291015625,281.67669677734375
Stationary,,,-204.85824584960938,-929.6132202148438,282.6369323730469
Stationary,,,-206.1783905029297,-929.475830078125,282.8546447753906
Stationary,,,-206.32037353515625,-929.1218872070312,282.3526306152344
Stationary,,,-205.1264190673828,-928.5114135742188,281.5676574707031
Stationary,,,-203.2234344482422,-927.6807861328125,281.0395202636719
Stationary,,,-201.5681610107422,-926.8297119140625,281.03729248046875
Stationary,,,-200.80596923828125,-926.285400390625,281.44415283203125
Stationary,,,-200.95448303222656,-926.290283203125,281.9915466308594
Stationary,,,-201.7099609375,-926.7081298828125,282.5087890625
Stationary,,,-202.79624938964844,-927.2338256835938,282.87933349609375
Stationary,,,-204.0425262451172,-927.7676391601562,282.9701232910156
Stationary,,,-205.3916015625,-928.3654174804688,282.67559814453125
Stationary,,,-206.75289916992188,-929.0540771484375,282.075927734375
Stationary,,,-208.07540893554688,-929.7528686523438,281.5446472167969
Stationary,,,-209.09060668945312,-930.3583984375,281.4989318847656
Stationary,,,-209.3021240234375,-930.7529296875,282.1376647949219
Stationary,,,-208.5222930908203,-930.8807983398438,283.3141784667969
Stationary,,,-206.98936462402344,-930.8079833984375,284.6838073730469
Stationary,,,-205.14002990722656,-930.5545654296875,285.91571044921875
Stationary,,,-203.29653930664062,-930.0462036132812,286.7629699707031
Stationary,,,-201.7368621826172,-929.278076171875,287.13385009765625
Stationary,,,-200.84934997558594,-928.444091796875,287.0494079589844
Stationary,,,-200.90060424804688,-927.8176879882812,286.6625671386719
Stationary,,,-201.93246459960938,-927.5994262695312,286.25286865234375
Stationary,,,-203.5919952392578,-927.9337158203125,286.0785217285156
Stationary,,,-205.10350036621094,-928.7469482421875,286.13482666015625
Stationary,,,-205.72515869140625,-929.613525390625,286.1321105957031
Stationary,,,-204.9702606201172,-929.953125,285.75518798828125
Stationary,,,-202.8667449951172,-929.5228881835938,284.99053955078125
Stationary,,,-200.2393798828125,-928.8145751953125,284.1756896972656
Stationary,,,-198.24478149414062,-928.6083374023438,283.6459045410156
Stationary,,,-197.73056030273438,-929.2967529296875,283.5283508300781
Stationary,,,-198.9309539794922,-930.6034545898438,283.7393798828125
Stationary,,,-201.4937286376953,-931.92578125,284.1019592285156
Stationary,,,-204.54653930664062,-932.8187866210938,284.3407287597656
Stationary,,,-206.85577392578125,-933.0653686523438,284.13873291015625
Stationary,,,-207.5538330078125,-932.638427734375,283.38671875
Stationary,,,-206.60174560546875,-931.7155151367188,282.2442626953125
Stationary,,,-204.61968994140625,-930.7584838867188,281.1333923339844
Stationary,,,-202.49066162109375,-930.331298828125,280.4982604980469
Stationary,,,-200.8409881591797,-930.6664428710938,280.43511962890625
Stationary,,,-199.81661987304688,-931.439453125,280.59075927734375
Stationary,,,-199.39004516601562,-932.115966796875,280.5195007324219
Stationary,,,-199.58189392089844,-932.383544921875,280.1213073730469
Stationary,,,-200.30044555664062,-932.1792602539062,279.5283203125
Stationary,,,-201.2025146484375,-931.5147094726562,278.8597717285156
Stationary,,,-201.89053344726562,-930.5009765625,278.2281188964844
Stationary,,,-202.2868194580078,-929.5537109375,277.93023681640625
Stationary,,,-202.55621337890625,-929.2171630859375,278.3739929199219
Stationary,,,-202.78330993652344,-929.6798706054688,279.6193542480469
Stationary,,,-202.815673828125,-930.5796508789062,281.1692810058594
Stationary,,,-202.4716033935547,-931.3067016601562,282.2920227050781
Stationary,,,-201.78538513183594,-931.4715576171875,282.6534729003906
Stationary,,,-200.97598266601562,-931.0604248046875,282.5032958984375
Stationary,,,-200.4343719482422,-930.3525390625,282.4101867675781
Stationary,,,-200.455322265625,-929.7374267578125,282.8955993652344
Stationary,,,-200.974365234375,-929.4813842773438,284.17724609375
Stationary,,,-201.53884887695312,-929.6224975585938,286.17706298828125
Stationary,,,-201.93858337402344,-930.0057983398438,288.5965881347656
Stationary,,,-202.51657104492188,-930.4494018554688,291.0799255371094
Stationary,,,-203.5731964111328,-930.8660888671875,293.1964111328125
Stationary,,,-204.98895263671875,-931.1251831054688,294.4504089355469
Stationary,,,-206.19544982910156,-931.0736083984375,294.5407409667969
Stationary,,,-206.7119140625,-930.7545776367188,293.6360168457031
Stationary,,,-206.34535217285156,-930.42822265625,292.3058776855469
Stationary,,,-205.0957489013672,-930.3147583007812,291.0434265136719
Stationary,,,-203.27688598632812,-930.3358154296875,289.9790344238281
Stationary,,,-201.5913848876953,-930.33544921875,289.06781005859375
Stationary,,,-200.85574340820312,-930.290771484375,288.39764404296875
Stationary,,,-201.37713623046875,-930.047119140625,288.1498107910156
Stationary,,,-202.833251953125,-929.2225952148438,288.21868896484375
Stationary,,,-204.6053009033203,-927.6430053710938,288.1055908203125
Stationary,,,-206.0623779296875,-925.727294921875,287.2261962890625
Stationary,,,-206.78375244140625,-924.3291015625,285.3237609863281
Stationary,,,-206.71348571777344,-924.1072998046875,282.69940185546875
Stationary,,,-206.18373107910156,-925.2423095703125,280.00250244140625
Stationary,,,-205.56494140625,-927.515869140625,277.8970947265625
Stationary,,,-204.85926818847656,-930.3673095703125,276.7200012207031
Stationary,,,-203.9395294189453,-933.0325927734375,276.4350280761719
Stationary,,,-202.97433471679688,-934.6728515625,276.90399169921875
Stationary,,,-202.60133361816406,-934.837158203125,278.01239013671875
Stationary,,,-203.4179229736328,-933.7415161132812,279.70172119140625
Stationary,,,-205.34776306152344,-932.0781860351562,281.8055114746094
Stationary,,,-207.67068481445312,-930.572509765625,283.9389343261719
Stationary,,,-209.41456604003906,-929.5919799804688,285.6492004394531
Stationary,,,-209.77090454101562,-929.1946411132812,286.617431640625
Stationary,,,-208.3719024658203,-929.2296752929688,286.90655517578125
Stationary,,,-205.44818115234375,-929.4573974609375,286.88885498046875
Stationary,,,-201.7286376953125,-929.6806030273438,286.9718322753906
Stationary,,,-198.25851440429688,-929.8370971679688,287.4526062011719
Stationary,,,-195.8385467529297,-929.9804077148438,288.3673095703125
Stationary,,,-194.58250427246094,-930.0894775390625,289.4377136230469
Stationary,,,-194.25100708007812,-930.0528564453125,290.2315673828125
Stationary,,,-194.72372436523438,-929.8453369140625,290.3872375488281
Stationary,,,-196.03297424316406,-929.6071166992188,289.77423095703125
Stationary,,,-197.94358825683594,-929.5359497070312,288.4256896972656
Stationary,,,-199.75186157226562,-929.7403564453125,286.5293884277344
Stationary,,,-200.7715606689453,-930.2791748046875,284.48193359375
Stationary,,,-200.61459350585938,-931.11376953125,282.727294921875
Stationary,,,-199.32725524902344,-931.9136352539062,281.6078186035156
Stationary,,,-197.52294921875,-932.2457885742188,281.3048400878906
Stationary,,,-195.871826171875,-931.8399658203125,281.7116394042969
Stationary,,,-194.85084533691406,-930.7432861328125,282.35260009765625
Stationary,,,-194.71978759765625,-929.30126953125,282.66778564453125
Stationary,,,-195.5936737060547,-927.90576171875,282.3859558105469
Stationary,,,-197.508056640625,-927.0040283203125,281.65362548828125
Stationary,,,-200.171875,-926.9469604492188,280.79510498046875
Stationary,,,-202.9835968017578,-927.7543334960938,280.0560607910156
Stationary,,,-205.15223693847656,-929.0396118164062,279.6090087890625
Stationary,,,-206.13888549804688,-930.1357421875,279.5943603515625
Stationary,,,-206.15773010253906,-930.5863647460938,280.0914611816406
Stationary,,,-205.81283569335938,-930.2430419921875,280.9775695800781
Stationary,,,-205.42185974121094,-929.1475219726562,281.87646484375
Stationary,,,-205.0695037841797,-927.49755859375,282.4375305175781
Stationary,,,-204.9155731201172,-925.6099243164062,282.5802001953125
Stationary,,,-205.0907440185547,-923.8564453125,282.4964904785156
